workload,workload_class,comm_volume_gb,latency_sensitivity,network_config,available_bandwidth_gbps,network_congestion,network_grade,measured_latency_ms,throughput_gbps,run
ResNet-50,compute,0.5,low,200Gbps-uncongested,200,0.0,0,2.502040301881254,197.78777118126106,0
ResNet-50,compute,0.5,low,200Gbps-uncongested,200,0.0,0,2.52046979224862,224.36847770252842,1
ResNet-50,compute,0.5,low,200Gbps-uncongested,200,0.0,0,2.4128230743745926,196.2538086888131,2
ResNet-50,compute,0.5,low,200Gbps-uncongested,200,0.0,0,2.634181251892992,212.27895566644654,3
ResNet-50,compute,0.5,low,200Gbps-uncongested,200,0.0,0,2.384097364998175,208.68096069737544,4
ResNet-50,compute,0.5,low,200Gbps-light,200,0.2,0,2.766410580607611,154.03865915430072,0
ResNet-50,compute,0.5,low,200Gbps-light,200,0.2,0,2.8662934857198006,135.5100128683802,1
ResNet-50,compute,0.5,low,200Gbps-light,200,0.2,0,2.5877801897320416,152.80271962571555,2
ResNet-50,compute,0.5,low,200Gbps-light,200,0.2,0,2.6886127808120204,164.0223658572195,3
ResNet-50,compute,0.5,low,200Gbps-light,200,0.2,0,2.703453622118579,141.92251262290827,4
ResNet-50,compute,0.5,low,200Gbps-moderate,200,0.4,0,3.458820358273493,117.83254751532925,0
ResNet-50,compute,0.5,low,200Gbps-moderate,200,0.4,0,3.233537259544441,106.32241741235082,1
ResNet-50,compute,0.5,low,200Gbps-moderate,200,0.4,0,3.1349383305208445,121.06485686121472,2
ResNet-50,compute,0.5,low,200Gbps-moderate,200,0.4,0,3.0371934177005078,123.60670097611845,3
ResNet-50,compute,0.5,low,200Gbps-moderate,200,0.4,0,3.1258736485970675,117.19974000198454,4
ResNet-50,compute,0.5,low,200Gbps-heavy,200,0.6,0,3.504574489001525,91.8545803808572,0
ResNet-50,compute,0.5,low,200Gbps-heavy,200,0.6,0,3.6108427865463693,73.23065005468224,1
ResNet-50,compute,0.5,low,200Gbps-heavy,200,0.6,0,3.7618855554092674,72.18660064018546,2
ResNet-50,compute,0.5,low,200Gbps-heavy,200,0.6,0,3.651015395581914,67.45811120716944,3
ResNet-50,compute,0.5,low,200Gbps-heavy,200,0.6,0,3.373325762650186,81.25991190956239,4
ResNet-50,compute,0.5,low,100Gbps-moderate,100,0.4,0,6.683294893943834,60.82256774971186,0
ResNet-50,compute,0.5,low,100Gbps-moderate,100,0.4,0,6.408043033995977,58.554702261171414,1
ResNet-50,compute,0.5,low,100Gbps-moderate,100,0.4,0,5.9688356866979975,56.5447477997054,2
ResNet-50,compute,0.5,low,100Gbps-moderate,100,0.4,0,6.296864458577413,65.07418668585079,3
ResNet-50,compute,0.5,low,100Gbps-moderate,100,0.4,0,6.556048862849212,51.53740725425887,4
ResNet-50,compute,0.5,low,InfiniBand-200Gbps,200,0.15,0,2.7786833551906955,164.76288098633808,0
ResNet-50,compute,0.5,low,InfiniBand-200Gbps,200,0.15,0,2.64182707027067,178.3187975282358,1
ResNet-50,compute,0.5,low,InfiniBand-200Gbps,200,0.15,0,2.8753319659662435,182.6654096199803,2
ResNet-50,compute,0.5,low,InfiniBand-200Gbps,200,0.15,0,2.619638229246905,165.7947116884235,3
ResNet-50,compute,0.5,low,InfiniBand-200Gbps,200,0.15,0,2.7796649222622065,183.26741372886408,4
ResNet-50,compute,0.5,low,Ethernet-100Gbps,100,0.35,0,6.100258050673347,64.03457332134815,0
ResNet-50,compute,0.5,low,Ethernet-100Gbps,100,0.35,0,5.904270320623116,58.77972555478051,1
ResNet-50,compute,0.5,low,Ethernet-100Gbps,100,0.35,0,6.503914319498187,72.05244814856829,2
ResNet-50,compute,0.5,low,Ethernet-100Gbps,100,0.35,0,6.227496837006146,70.21837106903853,3
ResNet-50,compute,0.5,low,Ethernet-100Gbps,100,0.35,0,6.363011257827386,61.64537727605336,4
ResNet-50,compute,0.5,low,Ethernet-50Gbps,50,0.5,0,13.918922777203017,28.07607313293194,0
ResNet-50,compute,0.5,low,Ethernet-50Gbps,50,0.5,0,13.647384543577182,28.12928731162801,1
ResNet-50,compute,0.5,low,Ethernet-50Gbps,50,0.5,0,11.881033620251152,26.643805008750448,2
ResNet-50,compute,0.5,low,Ethernet-50Gbps,50,0.5,0,13.731379831803437,24.401985299068265,3
ResNet-50,compute,0.5,low,Ethernet-50Gbps,50,0.5,0,13.734602093334816,21.024862170798215,4
ResNet-101,compute,0.8,low,200Gbps-uncongested,200,0.0,0,3.863345334406736,205.71380114418795,0
ResNet-101,compute,0.8,low,200Gbps-uncongested,200,0.0,0,4.194901180613577,191.70767650762164,1
ResNet-101,compute,0.8,low,200Gbps-uncongested,200,0.0,0,3.748341093184924,191.97188730264742,2
ResNet-101,compute,0.8,low,200Gbps-uncongested,200,0.0,0,4.085039476113686,205.26001775455492,3
ResNet-101,compute,0.8,low,200Gbps-uncongested,200,0.0,0,3.80278121020175,208.21227892981372,4
ResNet-101,compute,0.8,low,200Gbps-light,200,0.2,0,4.553244132274166,172.39865587882096,0
ResNet-101,compute,0.8,low,200Gbps-light,200,0.2,0,4.372191095918413,155.80592452354858,1
ResNet-101,compute,0.8,low,200Gbps-light,200,0.2,0,4.442412996555996,141.26700866390888,2
ResNet-101,compute,0.8,low,200Gbps-light,200,0.2,0,4.598339750272444,163.34150748390257,3
ResNet-101,compute,0.8,low,200Gbps-light,200,0.2,0,4.532408517520558,156.99728469279813,4
ResNet-101,compute,0.8,low,200Gbps-moderate,200,0.4,0,4.791349730565128,115.96180490145255,0
ResNet-101,compute,0.8,low,200Gbps-moderate,200,0.4,0,5.067893913707942,112.29813821547246,1
ResNet-101,compute,0.8,low,200Gbps-moderate,200,0.4,0,5.114668527461108,123.87888822541957,2
ResNet-101,compute,0.8,low,200Gbps-moderate,200,0.4,0,5.642532302655839,121.67594700318566,3
ResNet-101,compute,0.8,low,200Gbps-moderate,200,0.4,0,5.222649710108212,119.28531920864481,4
ResNet-101,compute,0.8,low,200Gbps-heavy,200,0.6,0,5.226605195577621,79.83031119712501,0
ResNet-101,compute,0.8,low,200Gbps-heavy,200,0.6,0,5.798660295061079,95.76474951990583,1
ResNet-101,compute,0.8,low,200Gbps-heavy,200,0.6,0,5.725645658617957,81.92990299093512,2
ResNet-101,compute,0.8,low,200Gbps-heavy,200,0.6,0,5.771216129069578,72.52046055923499,3
ResNet-101,compute,0.8,low,200Gbps-heavy,200,0.6,0,6.111597219820748,84.81237140919535,4
ResNet-101,compute,0.8,low,100Gbps-moderate,100,0.4,0,10.72037584769407,55.63494021698526,0
ResNet-101,compute,0.8,low,100Gbps-moderate,100,0.4,0,11.035815816576426,53.27111489859705,1
ResNet-101,compute,0.8,low,100Gbps-moderate,100,0.4,0,10.615098188990764,70.5141870038879,2
ResNet-101,compute,0.8,low,100Gbps-moderate,100,0.4,0,9.801754707354489,57.281770897906696,3
ResNet-101,compute,0.8,low,100Gbps-moderate,100,0.4,0,10.363882735123315,57.58331686024224,4
ResNet-101,compute,0.8,low,InfiniBand-200Gbps,200,0.15,0,4.035792374454283,170.93245645736198,0
ResNet-101,compute,0.8,low,InfiniBand-200Gbps,200,0.15,0,4.142621062622415,176.44085705663846,1
ResNet-101,compute,0.8,low,InfiniBand-200Gbps,200,0.15,0,4.1738759487613555,191.07910790823854,2
ResNet-101,compute,0.8,low,InfiniBand-200Gbps,200,0.15,0,4.203663342301448,165.6199633796028,3
ResNet-101,compute,0.8,low,InfiniBand-200Gbps,200,0.15,0,4.552956891299615,153.26024529649823,4
ResNet-101,compute,0.8,low,Ethernet-100Gbps,100,0.35,0,10.113729967302065,71.79714232226863,0
ResNet-101,compute,0.8,low,Ethernet-100Gbps,100,0.35,0,9.196258382719387,65.96009606436799,1
ResNet-101,compute,0.8,low,Ethernet-100Gbps,100,0.35,0,10.129941397124211,69.06547893324202,2
ResNet-101,compute,0.8,low,Ethernet-100Gbps,100,0.35,0,9.381524644560958,58.13362561196176,3
ResNet-101,compute,0.8,low,Ethernet-100Gbps,100,0.35,0,10.26097078280845,66.54432030081257,4
ResNet-101,compute,0.8,low,Ethernet-50Gbps,50,0.5,0,22.1489765550658,25.69289641899395,0
ResNet-101,compute,0.8,low,Ethernet-50Gbps,50,0.5,0,21.131222960773524,25.464507394322005,1
ResNet-101,compute,0.8,low,Ethernet-50Gbps,50,0.5,0,22.195548017670436,23.571297163947264,2
ResNet-101,compute,0.8,low,Ethernet-50Gbps,50,0.5,0,23.91569087156458,25.947665841823575,3
ResNet-101,compute,0.8,low,Ethernet-50Gbps,50,0.5,0,20.572011799934604,26.31310721726766,4
ResNet-152,compute,1.2,low,200Gbps-uncongested,200,0.0,0,5.573823729425589,212.59335365987923,0
ResNet-152,compute,1.2,low,200Gbps-uncongested,200,0.0,0,6.198807298537325,186.86908290637263,1
ResNet-152,compute,1.2,low,200Gbps-uncongested,200,0.0,0,6.1416141003645475,206.60449483098398,2
ResNet-152,compute,1.2,low,200Gbps-uncongested,200,0.0,0,6.1002129374983864,230.34868772246315,3
ResNet-152,compute,1.2,low,200Gbps-uncongested,200,0.0,0,5.787483950389784,187.94022137028017,4
ResNet-152,compute,1.2,low,200Gbps-light,200,0.2,0,6.494579080556951,149.55762835244238,0
ResNet-152,compute,1.2,low,200Gbps-light,200,0.2,0,6.770672465941301,164.36674527765305,1
ResNet-152,compute,1.2,low,200Gbps-light,200,0.2,0,6.890906638834812,170.5879455876611,2
ResNet-152,compute,1.2,low,200Gbps-light,200,0.2,0,6.801293611692884,178.60523618761366,3
ResNet-152,compute,1.2,low,200Gbps-light,200,0.2,0,6.7069330293292895,194.81816533234712,4
ResNet-152,compute,1.2,low,200Gbps-moderate,200,0.4,0,7.976332294643497,111.77128745840369,0
ResNet-152,compute,1.2,low,200Gbps-moderate,200,0.4,0,7.320240791765428,124.63173518633457,1
ResNet-152,compute,1.2,low,200Gbps-moderate,200,0.4,0,7.647957750987268,126.85440474328409,2
ResNet-152,compute,1.2,low,200Gbps-moderate,200,0.4,0,7.917384862628051,119.30084243849402,3
ResNet-152,compute,1.2,low,200Gbps-moderate,200,0.4,0,7.406903991840734,105.4574666430157,4
ResNet-152,compute,1.2,low,200Gbps-heavy,200,0.6,0,8.47826890750219,85.48095228367023,0
ResNet-152,compute,1.2,low,200Gbps-heavy,200,0.6,0,8.764704709368955,72.02727181624327,1
ResNet-152,compute,1.2,low,200Gbps-heavy,200,0.6,0,8.746965167068286,82.46603123026455,2
ResNet-152,compute,1.2,low,200Gbps-heavy,200,0.6,0,8.288639939772166,80.9838406780514,3
ResNet-152,compute,1.2,low,200Gbps-heavy,200,0.6,0,8.697113936513695,72.68499009388401,4
ResNet-152,compute,1.2,low,100Gbps-moderate,100,0.4,0,15.745476161519376,62.69176572656753,0
ResNet-152,compute,1.2,low,100Gbps-moderate,100,0.4,0,16.30642244589338,65.05824984976753,1
ResNet-152,compute,1.2,low,100Gbps-moderate,100,0.4,0,14.403208848220688,55.49843980840741,2
ResNet-152,compute,1.2,low,100Gbps-moderate,100,0.4,0,15.867097589481697,62.46617256437861,3
ResNet-152,compute,1.2,low,100Gbps-moderate,100,0.4,0,15.867107194877335,78.49311115514266,4
ResNet-152,compute,1.2,low,InfiniBand-200Gbps,200,0.15,0,6.749823448821196,185.44369270645615,0
ResNet-152,compute,1.2,low,InfiniBand-200Gbps,200,0.15,0,6.875531828646208,178.85892101775883,1
ResNet-152,compute,1.2,low,InfiniBand-200Gbps,200,0.15,0,6.459052279102387,180.32198139870843,2
ResNet-152,compute,1.2,low,InfiniBand-200Gbps,200,0.15,0,6.30891672647986,166.77926694833587,3
ResNet-152,compute,1.2,low,InfiniBand-200Gbps,200,0.15,0,6.4032400858685765,171.113488295654,4
ResNet-152,compute,1.2,low,Ethernet-100Gbps,100,0.35,0,16.735993925005133,55.29022099852291,0
ResNet-152,compute,1.2,low,Ethernet-100Gbps,100,0.35,0,15.514695142780884,56.613877469813815,1
ResNet-152,compute,1.2,low,Ethernet-100Gbps,100,0.35,0,14.646051100657925,70.66254310423031,2
ResNet-152,compute,1.2,low,Ethernet-100Gbps,100,0.35,0,15.048210014321597,59.39572715476761,3
ResNet-152,compute,1.2,low,Ethernet-100Gbps,100,0.35,0,14.463522218055024,68.53390829446032,4
ResNet-152,compute,1.2,low,Ethernet-50Gbps,50,0.5,0,31.614242244839073,25.43291717916395,0
ResNet-152,compute,1.2,low,Ethernet-50Gbps,50,0.5,0,32.887266299842196,23.696799304788367,1
ResNet-152,compute,1.2,low,Ethernet-50Gbps,50,0.5,0,36.329908271549364,26.267838044636022,2
ResNet-152,compute,1.2,low,Ethernet-50Gbps,50,0.5,0,29.490000443764863,25.372908629538856,3
ResNet-152,compute,1.2,low,Ethernet-50Gbps,50,0.5,0,31.726756581239364,26.704866669592448,4
VGG-16,compute,0.6,low,200Gbps-uncongested,200,0.0,0,2.8135955949561473,198.1642169365296,0
VGG-16,compute,0.6,low,200Gbps-uncongested,200,0.0,0,3.0036602459444026,213.85208310672192,1
VGG-16,compute,0.6,low,200Gbps-uncongested,200,0.0,0,2.753862830997689,194.64798022654483,2
VGG-16,compute,0.6,low,200Gbps-uncongested,200,0.0,0,2.8601154329354066,189.54673227882063,3
VGG-16,compute,0.6,low,200Gbps-uncongested,200,0.0,0,3.1882989609786767,206.47970737537528,4
VGG-16,compute,0.6,low,200Gbps-light,200,0.2,0,3.184185734321975,171.74863292230114,0
VGG-16,compute,0.6,low,200Gbps-light,200,0.2,0,3.7590382600392562,173.21555533505466,1
VGG-16,compute,0.6,low,200Gbps-light,200,0.2,0,3.1402633065664083,153.80180386731197,2
VGG-16,compute,0.6,low,200Gbps-light,200,0.2,0,3.6137134179281962,150.9418308400796,3
VGG-16,compute,0.6,low,200Gbps-light,200,0.2,0,3.4738521293920352,169.91531588389552,4
VGG-16,compute,0.6,low,200Gbps-moderate,200,0.4,0,3.6879568033472068,119.42855658180672,0
VGG-16,compute,0.6,low,200Gbps-moderate,200,0.4,0,3.240458072916332,110.16587864319081,1
VGG-16,compute,0.6,low,200Gbps-moderate,200,0.4,0,3.818351080101713,108.02128145313745,2
VGG-16,compute,0.6,low,200Gbps-moderate,200,0.4,0,4.182829529471156,106.27064277157793,3
VGG-16,compute,0.6,low,200Gbps-moderate,200,0.4,0,3.7821007730800753,121.2551095419465,4
VGG-16,compute,0.6,low,200Gbps-heavy,200,0.6,0,4.648401045090505,70.81048223245159,0
VGG-16,compute,0.6,low,200Gbps-heavy,200,0.6,0,4.588107766580469,80.06549159052537,1
VGG-16,compute,0.6,low,200Gbps-heavy,200,0.6,0,4.123149491667339,82.95746223528494,2
VGG-16,compute,0.6,low,200Gbps-heavy,200,0.6,0,4.37909301993878,76.15861198618371,3
VGG-16,compute,0.6,low,200Gbps-heavy,200,0.6,0,4.351070373894321,77.53399298008473,4
VGG-16,compute,0.6,low,100Gbps-moderate,100,0.4,0,7.77827428585888,63.17822723770102,0
VGG-16,compute,0.6,low,100Gbps-moderate,100,0.4,0,8.347717440618709,54.05848560563112,1
VGG-16,compute,0.6,low,100Gbps-moderate,100,0.4,0,8.559259000355354,50.62997856229199,2
VGG-16,compute,0.6,low,100Gbps-moderate,100,0.4,0,7.675676857779208,62.823922591125964,3
VGG-16,compute,0.6,low,100Gbps-moderate,100,0.4,0,7.843039823850658,57.01104230486115,4
VGG-16,compute,0.6,low,InfiniBand-200Gbps,200,0.15,0,3.24710494330076,163.29518728863988,0
VGG-16,compute,0.6,low,InfiniBand-200Gbps,200,0.15,0,3.1845573445638404,181.55458851948592,1
VGG-16,compute,0.6,low,InfiniBand-200Gbps,200,0.15,0,3.3398228531661407,160.5764295044551,2
VGG-16,compute,0.6,low,InfiniBand-200Gbps,200,0.15,0,3.4288406045632684,174.17927348392186,3
VGG-16,compute,0.6,low,InfiniBand-200Gbps,200,0.15,0,3.4146101913720175,178.56295225016115,4
VGG-16,compute,0.6,low,Ethernet-100Gbps,100,0.35,0,7.189126870904222,62.08705859097576,0
VGG-16,compute,0.6,low,Ethernet-100Gbps,100,0.35,0,7.780235101921224,68.17392538025402,1
VGG-16,compute,0.6,low,Ethernet-100Gbps,100,0.35,0,7.492161902263444,65.61010239320566,2
VGG-16,compute,0.6,low,Ethernet-100Gbps,100,0.35,0,7.97912433592066,61.92382877805369,3
VGG-16,compute,0.6,low,Ethernet-100Gbps,100,0.35,0,7.705161517938764,63.94859820734375,4
VGG-16,compute,0.6,low,Ethernet-50Gbps,50,0.5,0,16.22768338797767,27.197553703974382,0
VGG-16,compute,0.6,low,Ethernet-50Gbps,50,0.5,0,17.083349348779244,26.627019272001277,1
VGG-16,compute,0.6,low,Ethernet-50Gbps,50,0.5,0,17.477150583993787,25.042007683265517,2
VGG-16,compute,0.6,low,Ethernet-50Gbps,50,0.5,0,16.9656645467654,24.379466486813087,3
VGG-16,compute,0.6,low,Ethernet-50Gbps,50,0.5,0,16.672167711025676,24.739713891264632,4
MobileNet-v3,compute,0.3,low,200Gbps-uncongested,200,0.0,0,1.47194794665474,209.52251240699061,0
MobileNet-v3,compute,0.3,low,200Gbps-uncongested,200,0.0,0,1.4049154773022359,233.47819641096734,1
MobileNet-v3,compute,0.3,low,200Gbps-uncongested,200,0.0,0,1.3911608363159398,180.5729821953963,2
MobileNet-v3,compute,0.3,low,200Gbps-uncongested,200,0.0,0,1.5496663237426807,212.66660310340697,3
MobileNet-v3,compute,0.3,low,200Gbps-uncongested,200,0.0,0,1.5105556506629996,210.05352814822848,4
MobileNet-v3,compute,0.3,low,200Gbps-light,200,0.2,0,1.6981782526975768,148.51514404498135,0
MobileNet-v3,compute,0.3,low,200Gbps-light,200,0.2,0,1.7056591763309128,151.33233009264498,1
MobileNet-v3,compute,0.3,low,200Gbps-light,200,0.2,0,1.7820658367259223,158.11766551677263,2
MobileNet-v3,compute,0.3,low,200Gbps-light,200,0.2,0,1.6290837342568865,155.88626122684167,3
MobileNet-v3,compute,0.3,low,200Gbps-light,200,0.2,0,1.7343017934784957,152.78432572410912,4
MobileNet-v3,compute,0.3,low,200Gbps-moderate,200,0.4,0,1.854101739100511,122.33939723032238,0
MobileNet-v3,compute,0.3,low,200Gbps-moderate,200,0.4,0,1.957277041542738,115.13334551643715,1
MobileNet-v3,compute,0.3,low,200Gbps-moderate,200,0.4,0,1.888053913812291,122.22767939863331,2
MobileNet-v3,compute,0.3,low,200Gbps-moderate,200,0.4,0,1.7935934083903955,106.48834776598507,3
MobileNet-v3,compute,0.3,low,200Gbps-moderate,200,0.4,0,1.8641347872031335,117.95090734356627,4
MobileNet-v3,compute,0.3,low,200Gbps-heavy,200,0.6,0,2.2016706443177525,89.44227978847714,0
MobileNet-v3,compute,0.3,low,200Gbps-heavy,200,0.6,0,2.2609377130619377,78.97639340823406,1
MobileNet-v3,compute,0.3,low,200Gbps-heavy,200,0.6,0,2.1659074227761734,73.58381206631802,2
MobileNet-v3,compute,0.3,low,200Gbps-heavy,200,0.6,0,2.1659619549852,78.15258471091111,3
MobileNet-v3,compute,0.3,low,200Gbps-heavy,200,0.6,0,2.2029509376928984,74.70572196126513,4
MobileNet-v3,compute,0.3,low,100Gbps-moderate,100,0.4,0,3.9676080174021013,67.35714678241237,0
MobileNet-v3,compute,0.3,low,100Gbps-moderate,100,0.4,0,3.846157705669475,61.92821626607491,1
MobileNet-v3,compute,0.3,low,100Gbps-moderate,100,0.4,0,4.000633310897266,58.074141734947986,2
MobileNet-v3,compute,0.3,low,100Gbps-moderate,100,0.4,0,3.910517882225061,60.06044352375261,3
MobileNet-v3,compute,0.3,low,100Gbps-moderate,100,0.4,0,3.8860740893678405,56.28955303749376,4
MobileNet-v3,compute,0.3,low,InfiniBand-200Gbps,200,0.15,0,1.6426356002321791,176.77277676093811,0
MobileNet-v3,compute,0.3,low,InfiniBand-200Gbps,200,0.15,0,1.759664124076937,183.0460832347588,1
MobileNet-v3,compute,0.3,low,InfiniBand-200Gbps,200,0.15,0,1.8172532484677453,159.56407314472253,2
MobileNet-v3,compute,0.3,low,InfiniBand-200Gbps,200,0.15,0,1.7121825522309935,172.4934512780416,3
MobileNet-v3,compute,0.3,low,InfiniBand-200Gbps,200,0.15,0,1.8202572718655123,159.00714331916996,4
MobileNet-v3,compute,0.3,low,Ethernet-100Gbps,100,0.35,0,3.5925521545911043,61.883158243691085,0
MobileNet-v3,compute,0.3,low,Ethernet-100Gbps,100,0.35,0,3.351769551691911,62.26607388726004,1
MobileNet-v3,compute,0.3,low,Ethernet-100Gbps,100,0.35,0,3.6076626259586817,65.78204768967628,2
MobileNet-v3,compute,0.3,low,Ethernet-100Gbps,100,0.35,0,3.8140792454582177,74.7560883639226,3
MobileNet-v3,compute,0.3,low,Ethernet-100Gbps,100,0.35,0,3.928204469659885,62.0001009905555,4
MobileNet-v3,compute,0.3,low,Ethernet-50Gbps,50,0.5,0,7.834634607454775,25.983838343013012,0
MobileNet-v3,compute,0.3,low,Ethernet-50Gbps,50,0.5,0,7.66162309868294,28.662917531708707,1
MobileNet-v3,compute,0.3,low,Ethernet-50Gbps,50,0.5,0,8.686879737014591,24.06164869579059,2
MobileNet-v3,compute,0.3,low,Ethernet-50Gbps,50,0.5,0,7.500472165802569,27.707744748330825,3
MobileNet-v3,compute,0.3,low,Ethernet-50Gbps,50,0.5,0,8.156145766595607,27.47563262394692,4
EfficientNet-B4,compute,0.7,low,200Gbps-uncongested,200,0.0,0,3.1454835544052595,190.40999963273964,0
EfficientNet-B4,compute,0.7,low,200Gbps-uncongested,200,0.0,0,3.4188648900885568,200.75168950023587,1
EfficientNet-B4,compute,0.7,low,200Gbps-uncongested,200,0.0,0,3.3410532641514963,209.96559891756,2
EfficientNet-B4,compute,0.7,low,200Gbps-uncongested,200,0.0,0,3.2355140867754355,197.7219282396593,3
EfficientNet-B4,compute,0.7,low,200Gbps-uncongested,200,0.0,0,3.438527085497639,208.23102134494002,4
EfficientNet-B4,compute,0.7,low,200Gbps-light,200,0.2,0,4.105915840089888,145.60458122447528,0
EfficientNet-B4,compute,0.7,low,200Gbps-light,200,0.2,0,3.660717600918622,176.35426332030093,1
EfficientNet-B4,compute,0.7,low,200Gbps-light,200,0.2,0,4.030722406671735,150.41937233207614,2
EfficientNet-B4,compute,0.7,low,200Gbps-light,200,0.2,0,4.272347510772532,161.4806353189486,3
EfficientNet-B4,compute,0.7,low,200Gbps-light,200,0.2,0,4.198630203481404,160.8642365620494,4
EfficientNet-B4,compute,0.7,low,200Gbps-moderate,200,0.4,0,4.976594502585683,136.85127208745476,0
EfficientNet-B4,compute,0.7,low,200Gbps-moderate,200,0.4,0,4.455555939161459,129.32708112916183,1
EfficientNet-B4,compute,0.7,low,200Gbps-moderate,200,0.4,0,4.6573064886271185,133.13886295231055,2
EfficientNet-B4,compute,0.7,low,200Gbps-moderate,200,0.4,0,4.294045586529292,126.586094015985,3
EfficientNet-B4,compute,0.7,low,200Gbps-moderate,200,0.4,0,4.750484430138921,103.1161009303381,4
EfficientNet-B4,compute,0.7,low,200Gbps-heavy,200,0.6,0,4.759312544159731,66.94891406233536,0
EfficientNet-B4,compute,0.7,low,200Gbps-heavy,200,0.6,0,4.9904527635535745,84.59227043709416,1
EfficientNet-B4,compute,0.7,low,200Gbps-heavy,200,0.6,0,5.438584449700069,80.47420659468656,2
EfficientNet-B4,compute,0.7,low,200Gbps-heavy,200,0.6,0,5.470518970998988,71.1673506674247,3
EfficientNet-B4,compute,0.7,low,200Gbps-heavy,200,0.6,0,4.627757761920913,79.64449472706164,4
EfficientNet-B4,compute,0.7,low,100Gbps-moderate,100,0.4,0,9.196717028720663,59.84306520914835,0
EfficientNet-B4,compute,0.7,low,100Gbps-moderate,100,0.4,0,8.090665771271071,59.57222381033861,1
EfficientNet-B4,compute,0.7,low,100Gbps-moderate,100,0.4,0,8.434897549576913,63.21442823438419,2
EfficientNet-B4,compute,0.7,low,100Gbps-moderate,100,0.4,0,9.188836318063226,55.48857702562869,3
EfficientNet-B4,compute,0.7,low,100Gbps-moderate,100,0.4,0,8.791595199404734,54.91577509493303,4
EfficientNet-B4,compute,0.7,low,InfiniBand-200Gbps,200,0.15,0,3.816127829037557,182.98993555881682,0
EfficientNet-B4,compute,0.7,low,InfiniBand-200Gbps,200,0.15,0,3.639450873943588,176.8550326110427,1
EfficientNet-B4,compute,0.7,low,InfiniBand-200Gbps,200,0.15,0,3.7266303777334007,159.2169294812321,2
EfficientNet-B4,compute,0.7,low,InfiniBand-200Gbps,200,0.15,0,3.8076387201649484,155.9207044150965,3
EfficientNet-B4,compute,0.7,low,InfiniBand-200Gbps,200,0.15,0,3.7221530626483914,153.70886066079166,4
EfficientNet-B4,compute,0.7,low,Ethernet-100Gbps,100,0.35,0,9.60956724565092,65.183370470253,0
EfficientNet-B4,compute,0.7,low,Ethernet-100Gbps,100,0.35,0,8.443870090253244,66.11269553581795,1
EfficientNet-B4,compute,0.7,low,Ethernet-100Gbps,100,0.35,0,8.700856478260263,63.85095808242724,2
EfficientNet-B4,compute,0.7,low,Ethernet-100Gbps,100,0.35,0,9.018697931269,68.93904009224599,3
EfficientNet-B4,compute,0.7,low,Ethernet-100Gbps,100,0.35,0,8.517905747920395,62.00574514864767,4
EfficientNet-B4,compute,0.7,low,Ethernet-50Gbps,50,0.5,0,18.87739193046034,20.39615767052883,0
EfficientNet-B4,compute,0.7,low,Ethernet-50Gbps,50,0.5,0,17.69053980375529,27.733748534889045,1
EfficientNet-B4,compute,0.7,low,Ethernet-50Gbps,50,0.5,0,20.714910507061777,24.501927920887244,2
EfficientNet-B4,compute,0.7,low,Ethernet-50Gbps,50,0.5,0,19.692408031049464,25.62250030908707,3
EfficientNet-B4,compute,0.7,low,Ethernet-50Gbps,50,0.5,0,22.087210148716927,27.23914982286915,4
DenseNet-121,compute,0.9,low,200Gbps-uncongested,200,0.0,0,4.366424357340652,184.71135295039318,0
DenseNet-121,compute,0.9,low,200Gbps-uncongested,200,0.0,0,4.0415523222090295,203.25541817387557,1
DenseNet-121,compute,0.9,low,200Gbps-uncongested,200,0.0,0,4.228340900694366,177.2439406464372,2
DenseNet-121,compute,0.9,low,200Gbps-uncongested,200,0.0,0,4.252462012739679,182.69523194216967,3
DenseNet-121,compute,0.9,low,200Gbps-uncongested,200,0.0,0,4.765241081925124,214.1062361111912,4
DenseNet-121,compute,0.9,low,200Gbps-light,200,0.2,0,5.095624160758168,178.94328497779236,0
DenseNet-121,compute,0.9,low,200Gbps-light,200,0.2,0,5.117376101851591,148.97556222299824,1
DenseNet-121,compute,0.9,low,200Gbps-light,200,0.2,0,5.485874398600958,166.89804855916364,2
DenseNet-121,compute,0.9,low,200Gbps-light,200,0.2,0,4.833280032930465,157.56366492052982,3
DenseNet-121,compute,0.9,low,200Gbps-light,200,0.2,0,4.874476206900956,142.3001634436565,4
DenseNet-121,compute,0.9,low,200Gbps-moderate,200,0.4,0,6.069408917594626,138.33039974851323,0
DenseNet-121,compute,0.9,low,200Gbps-moderate,200,0.4,0,5.395142022046597,125.40450467222949,1
DenseNet-121,compute,0.9,low,200Gbps-moderate,200,0.4,0,5.612069489229314,115.32359631585892,2
DenseNet-121,compute,0.9,low,200Gbps-moderate,200,0.4,0,5.628963871583062,111.70568861107377,3
DenseNet-121,compute,0.9,low,200Gbps-moderate,200,0.4,0,5.814854417480092,112.02287888245404,4
DenseNet-121,compute,0.9,low,200Gbps-heavy,200,0.6,0,6.591857541977232,79.67847609952553,0
DenseNet-121,compute,0.9,low,200Gbps-heavy,200,0.6,0,6.426201465228013,74.19159256293378,1
DenseNet-121,compute,0.9,low,200Gbps-heavy,200,0.6,0,6.31634291691479,84.83450384528483,2
DenseNet-121,compute,0.9,low,200Gbps-heavy,200,0.6,0,6.666802171366132,73.74364643328927,3
DenseNet-121,compute,0.9,low,200Gbps-heavy,200,0.6,0,6.536208650105403,84.80887758957945,4
DenseNet-121,compute,0.9,low,100Gbps-moderate,100,0.4,0,10.633177014662017,62.60812892342369,0
DenseNet-121,compute,0.9,low,100Gbps-moderate,100,0.4,0,11.217188952330241,62.738873609247165,1
DenseNet-121,compute,0.9,low,100Gbps-moderate,100,0.4,0,11.158812559583735,51.33656591681031,2
DenseNet-121,compute,0.9,low,100Gbps-moderate,100,0.4,0,10.657460734274807,60.23080774397463,3
DenseNet-121,compute,0.9,low,100Gbps-moderate,100,0.4,0,11.752221841818907,55.659280199498845,4
DenseNet-121,compute,0.9,low,InfiniBand-200Gbps,200,0.15,0,5.0790286129022455,147.40332715314213,0
DenseNet-121,compute,0.9,low,InfiniBand-200Gbps,200,0.15,0,4.905613174551638,153.53017968323059,1
DenseNet-121,compute,0.9,low,InfiniBand-200Gbps,200,0.15,0,4.761462207845563,170.64462192990325,2
DenseNet-121,compute,0.9,low,InfiniBand-200Gbps,200,0.15,0,4.7101326483871535,164.77004459847439,3
DenseNet-121,compute,0.9,low,InfiniBand-200Gbps,200,0.15,0,5.1695173710176165,162.1542705744852,4
DenseNet-121,compute,0.9,low,Ethernet-100Gbps,100,0.35,0,11.720076813036643,59.125524355780385,0
DenseNet-121,compute,0.9,low,Ethernet-100Gbps,100,0.35,0,11.548014850077347,72.49615682742109,1
DenseNet-121,compute,0.9,low,Ethernet-100Gbps,100,0.35,0,9.859699968678399,60.85614467155352,2
DenseNet-121,compute,0.9,low,Ethernet-100Gbps,100,0.35,0,11.574603071539054,63.94416399257644,3
DenseNet-121,compute,0.9,low,Ethernet-100Gbps,100,0.35,0,11.458769553771361,61.85927702907773,4
DenseNet-121,compute,0.9,low,Ethernet-50Gbps,50,0.5,0,24.715921027554543,24.68864552921584,0
DenseNet-121,compute,0.9,low,Ethernet-50Gbps,50,0.5,0,26.046294333682965,25.508841686602423,1
DenseNet-121,compute,0.9,low,Ethernet-50Gbps,50,0.5,0,25.024784525600346,24.176246067755063,2
DenseNet-121,compute,0.9,low,Ethernet-50Gbps,50,0.5,0,24.009390778973298,24.13488362436076,3
DenseNet-121,compute,0.9,low,Ethernet-50Gbps,50,0.5,0,25.09473603456705,24.158031038359475,4
Inception-v3,compute,1.1,low,200Gbps-uncongested,200,0.0,0,5.448914146139173,233.206412778327,0
Inception-v3,compute,1.1,low,200Gbps-uncongested,200,0.0,0,5.605038372503628,194.78362348531454,1
Inception-v3,compute,1.1,low,200Gbps-uncongested,200,0.0,0,5.693685379487388,193.47079403165517,2
Inception-v3,compute,1.1,low,200Gbps-uncongested,200,0.0,0,4.823745852369228,183.87061902532153,3
Inception-v3,compute,1.1,low,200Gbps-uncongested,200,0.0,0,4.868683810271376,194.37578425533906,4
Inception-v3,compute,1.1,low,200Gbps-light,200,0.2,0,6.236206506798309,181.45839759712362,0
Inception-v3,compute,1.1,low,200Gbps-light,200,0.2,0,6.3323142892878606,157.19551323124654,1
Inception-v3,compute,1.1,low,200Gbps-light,200,0.2,0,6.488848027731968,131.69746804469906,2
Inception-v3,compute,1.1,low,200Gbps-light,200,0.2,0,6.303868207067024,169.86707448175315,3
Inception-v3,compute,1.1,low,200Gbps-light,200,0.2,0,5.769854480074445,174.64005175304868,4
Inception-v3,compute,1.1,low,200Gbps-moderate,200,0.4,0,7.2098380819535866,116.0132360265523,0
Inception-v3,compute,1.1,low,200Gbps-moderate,200,0.4,0,7.31415997792635,141.7986514349222,1
Inception-v3,compute,1.1,low,200Gbps-moderate,200,0.4,0,7.154313916588118,122.38291762848321,2
Inception-v3,compute,1.1,low,200Gbps-moderate,200,0.4,0,6.927003899870011,111.841494053138,3
Inception-v3,compute,1.1,low,200Gbps-moderate,200,0.4,0,7.3841913099663685,111.78159527127488,4
Inception-v3,compute,1.1,low,200Gbps-heavy,200,0.6,0,7.977663533738567,76.94299234070326,0
Inception-v3,compute,1.1,low,200Gbps-heavy,200,0.6,0,8.139594520584748,82.13543747383648,1
Inception-v3,compute,1.1,low,200Gbps-heavy,200,0.6,0,8.361600348938442,76.73589504732962,2
Inception-v3,compute,1.1,low,200Gbps-heavy,200,0.6,0,7.841954005210545,73.73591221899324,3
Inception-v3,compute,1.1,low,200Gbps-heavy,200,0.6,0,7.772629534325217,82.41472315548705,4
Inception-v3,compute,1.1,low,100Gbps-moderate,100,0.4,0,14.71638060125442,55.5736064439474,0
Inception-v3,compute,1.1,low,100Gbps-moderate,100,0.4,0,14.79622450976241,66.50706172226376,1
Inception-v3,compute,1.1,low,100Gbps-moderate,100,0.4,0,14.472806386465242,69.00861990027872,2
Inception-v3,compute,1.1,low,100Gbps-moderate,100,0.4,0,13.631083048291803,54.0256574241052,3
Inception-v3,compute,1.1,low,100Gbps-moderate,100,0.4,0,12.918602636030755,67.18101269514808,4
Inception-v3,compute,1.1,low,InfiniBand-200Gbps,200,0.15,0,6.212445920075244,169.2440484756178,0
Inception-v3,compute,1.1,low,InfiniBand-200Gbps,200,0.15,0,6.0998343133852595,154.69334895674208,1
Inception-v3,compute,1.1,low,InfiniBand-200Gbps,200,0.15,0,6.751261337619125,171.7574080748631,2
Inception-v3,compute,1.1,low,InfiniBand-200Gbps,200,0.15,0,6.048528903064754,179.8704260850222,3
Inception-v3,compute,1.1,low,InfiniBand-200Gbps,200,0.15,0,6.16030355798331,173.0448227301962,4
Inception-v3,compute,1.1,low,Ethernet-100Gbps,100,0.35,0,13.206548811881348,67.45163545710717,0
Inception-v3,compute,1.1,low,Ethernet-100Gbps,100,0.35,0,15.043891841326584,71.99618424000587,1
Inception-v3,compute,1.1,low,Ethernet-100Gbps,100,0.35,0,14.845315805814584,62.34167848255783,2
Inception-v3,compute,1.1,low,Ethernet-100Gbps,100,0.35,0,13.069646686072225,64.34590801548183,3
Inception-v3,compute,1.1,low,Ethernet-100Gbps,100,0.35,0,13.788310877198478,70.68979589604893,4
Inception-v3,compute,1.1,low,Ethernet-50Gbps,50,0.5,0,27.532816865467943,28.059100638921226,0
Inception-v3,compute,1.1,low,Ethernet-50Gbps,50,0.5,0,29.84049593377769,24.14623786010516,1
Inception-v3,compute,1.1,low,Ethernet-50Gbps,50,0.5,0,28.556014904393884,21.69028665626846,2
Inception-v3,compute,1.1,low,Ethernet-50Gbps,50,0.5,0,31.31609638603647,25.14663593437681,3
Inception-v3,compute,1.1,low,Ethernet-50Gbps,50,0.5,0,28.1381447406238,22.409842455872766,4
BERT-base,communication,4.5,medium,200Gbps-uncongested,200,0.0,1,21.603752161424417,226.7043444046303,0
BERT-base,communication,4.5,medium,200Gbps-uncongested,200,0.0,1,21.687460673550728,175.9497127501103,1
BERT-base,communication,4.5,medium,200Gbps-uncongested,200,0.0,1,21.702674856350892,195.63642288403727,2
BERT-base,communication,4.5,medium,200Gbps-uncongested,200,0.0,1,19.00976809247142,199.131282135715,3
BERT-base,communication,4.5,medium,200Gbps-uncongested,200,0.0,1,21.718943997573476,211.13930183701467,4
BERT-base,communication,4.5,medium,200Gbps-light,200,0.2,1,33.60557211869035,174.4200323782113,0
BERT-base,communication,4.5,medium,200Gbps-light,200,0.2,1,30.348144836304822,145.8364683681066,1
BERT-base,communication,4.5,medium,200Gbps-light,200,0.2,1,34.71976727550637,160.75799595538544,2
BERT-base,communication,4.5,medium,200Gbps-light,200,0.2,1,30.78314319801063,159.69119888499196,3
BERT-base,communication,4.5,medium,200Gbps-light,200,0.2,1,31.066390134970085,158.15218672737353,4
BERT-base,communication,4.5,medium,200Gbps-moderate,200,0.4,1,38.41634222272219,114.75015416409224,0
BERT-base,communication,4.5,medium,200Gbps-moderate,200,0.4,1,39.48601037872324,114.78312219711586,1
BERT-base,communication,4.5,medium,200Gbps-moderate,200,0.4,1,38.14110086921752,121.02173018584222,2
BERT-base,communication,4.5,medium,200Gbps-moderate,200,0.4,1,39.0465538425027,134.43833269039382,3
BERT-base,communication,4.5,medium,200Gbps-moderate,200,0.4,1,34.30838490039468,130.47846577845561,4
BERT-base,communication,4.5,medium,200Gbps-heavy,200,0.6,1,51.35162192522621,66.73030251258784,0
BERT-base,communication,4.5,medium,200Gbps-heavy,200,0.6,1,47.51157051235463,77.62277845762694,1
BERT-base,communication,4.5,medium,200Gbps-heavy,200,0.6,1,44.93789898005215,75.0219731994184,2
BERT-base,communication,4.5,medium,200Gbps-heavy,200,0.6,1,45.65559060788289,91.21453083791118,3
BERT-base,communication,4.5,medium,200Gbps-heavy,200,0.6,1,50.60137111624998,88.13795260796262,4
BERT-base,communication,4.5,medium,100Gbps-moderate,100,0.4,1,81.95583189392099,54.5805514981573,0
BERT-base,communication,4.5,medium,100Gbps-moderate,100,0.4,1,77.0270438687177,62.34899789389401,1
BERT-base,communication,4.5,medium,100Gbps-moderate,100,0.4,1,74.26795153709729,63.42239246482746,2
BERT-base,communication,4.5,medium,100Gbps-moderate,100,0.4,1,78.15105677486285,58.200860123761935,3
BERT-base,communication,4.5,medium,100Gbps-moderate,100,0.4,1,81.91346471799233,62.13246389513299,4
BERT-base,communication,4.5,medium,InfiniBand-200Gbps,200,0.15,1,28.048913068837493,185.76688532575378,0
BERT-base,communication,4.5,medium,InfiniBand-200Gbps,200,0.15,1,27.02045398768081,178.376724254442,1
BERT-base,communication,4.5,medium,InfiniBand-200Gbps,200,0.15,1,29.41153377908082,165.79016842532974,2
BERT-base,communication,4.5,medium,InfiniBand-200Gbps,200,0.15,1,29.03024369631748,152.98485536115987,3
BERT-base,communication,4.5,medium,InfiniBand-200Gbps,200,0.15,1,29.884169448818447,167.48533094437533,4
BERT-base,communication,4.5,medium,Ethernet-100Gbps,100,0.35,1,72.75447699854948,70.45484797435182,0
BERT-base,communication,4.5,medium,Ethernet-100Gbps,100,0.35,1,72.07605994499409,57.67600125890949,1
BERT-base,communication,4.5,medium,Ethernet-100Gbps,100,0.35,1,68.8924740344444,68.15125174699733,2
BERT-base,communication,4.5,medium,Ethernet-100Gbps,100,0.35,1,69.92417746748214,74.1249297463187,3
BERT-base,communication,4.5,medium,Ethernet-100Gbps,100,0.35,1,66.93029298324684,73.82157311510821,4
BERT-base,communication,4.5,medium,Ethernet-50Gbps,50,0.5,1,177.63589570783552,24.806573776259217,0
BERT-base,communication,4.5,medium,Ethernet-50Gbps,50,0.5,1,170.9919220885932,25.79827222870414,1
BERT-base,communication,4.5,medium,Ethernet-50Gbps,50,0.5,1,175.4504762482191,27.206603764033044,2
BERT-base,communication,4.5,medium,Ethernet-50Gbps,50,0.5,1,176.7852039433187,25.300603522923755,3
BERT-base,communication,4.5,medium,Ethernet-50Gbps,50,0.5,1,172.58543954108916,24.886108752557863,4
BERT-large,communication,8.2,medium,200Gbps-uncongested,200,0.0,2,40.65526721311399,172.63730571749397,0
BERT-large,communication,8.2,medium,200Gbps-uncongested,200,0.0,2,37.340058481136026,211.8922255043634,1
BERT-large,communication,8.2,medium,200Gbps-uncongested,200,0.0,2,40.381127097814726,197.05626661835714,2
BERT-large,communication,8.2,medium,200Gbps-uncongested,200,0.0,2,40.075966369906304,205.56130728578674,3
BERT-large,communication,8.2,medium,200Gbps-uncongested,200,0.0,2,38.95848892125567,187.547124393563,4
BERT-large,communication,8.2,medium,200Gbps-light,200,0.2,2,56.60358972864291,147.4768284465276,0
BERT-large,communication,8.2,medium,200Gbps-light,200,0.2,2,57.19891153212942,138.20692986575563,1
BERT-large,communication,8.2,medium,200Gbps-light,200,0.2,2,58.93913738195761,166.04924777488694,2
BERT-large,communication,8.2,medium,200Gbps-light,200,0.2,2,56.77227083738361,172.57844459450257,3
BERT-large,communication,8.2,medium,200Gbps-light,200,0.2,2,60.72256997617928,172.98393683223208,4
BERT-large,communication,8.2,medium,200Gbps-moderate,200,0.4,2,65.43669344373654,107.71606111933727,0
BERT-large,communication,8.2,medium,200Gbps-moderate,200,0.4,2,69.81876899248334,120.250474082024,1
BERT-large,communication,8.2,medium,200Gbps-moderate,200,0.4,2,73.93570486868268,113.03285939372674,2
BERT-large,communication,8.2,medium,200Gbps-moderate,200,0.4,2,72.74332945402385,112.74832384940811,3
BERT-large,communication,8.2,medium,200Gbps-moderate,200,0.4,2,69.86669854195284,106.49605347025707,4
BERT-large,communication,8.2,medium,200Gbps-heavy,200,0.6,2,84.01974419925766,71.34921852405546,0
BERT-large,communication,8.2,medium,200Gbps-heavy,200,0.6,2,83.78790198151586,86.74330749829018,1
BERT-large,communication,8.2,medium,200Gbps-heavy,200,0.6,2,83.90450294078902,96.8472452149593,2
BERT-large,communication,8.2,medium,200Gbps-heavy,200,0.6,2,90.25865598923127,81.18295119164719,3
BERT-large,communication,8.2,medium,200Gbps-heavy,200,0.6,2,84.30547501111596,84.48198322821754,4
BERT-large,communication,8.2,medium,100Gbps-moderate,100,0.4,2,139.99198519762228,60.58564711029773,0
BERT-large,communication,8.2,medium,100Gbps-moderate,100,0.4,2,162.59123426994503,59.53891248132168,1
BERT-large,communication,8.2,medium,100Gbps-moderate,100,0.4,2,152.4234737773323,56.624753159395745,2
BERT-large,communication,8.2,medium,100Gbps-moderate,100,0.4,2,143.88846185559808,68.49984305105045,3
BERT-large,communication,8.2,medium,100Gbps-moderate,100,0.4,2,139.622053821803,68.69975307838526,4
BERT-large,communication,8.2,medium,InfiniBand-200Gbps,200,0.15,2,53.89273330858285,162.35045184783797,0
BERT-large,communication,8.2,medium,InfiniBand-200Gbps,200,0.15,2,53.696647094319296,183.22674051492353,1
BERT-large,communication,8.2,medium,InfiniBand-200Gbps,200,0.15,2,53.6690659661219,148.6449438094898,2
BERT-large,communication,8.2,medium,InfiniBand-200Gbps,200,0.15,2,50.158378346119854,166.63374655649952,3
BERT-large,communication,8.2,medium,InfiniBand-200Gbps,200,0.15,2,51.8570653432113,178.44114052668922,4
BERT-large,communication,8.2,medium,Ethernet-100Gbps,100,0.35,2,137.34235935205544,58.056209334707475,0
BERT-large,communication,8.2,medium,Ethernet-100Gbps,100,0.35,2,138.7206826381949,68.17504587547587,1
BERT-large,communication,8.2,medium,Ethernet-100Gbps,100,0.35,2,139.94310490437437,70.62005977288403,2
BERT-large,communication,8.2,medium,Ethernet-100Gbps,100,0.35,2,141.8090209152401,67.38773641198786,3
BERT-large,communication,8.2,medium,Ethernet-100Gbps,100,0.35,2,135.65521971790355,56.363003145716846,4
BERT-large,communication,8.2,medium,Ethernet-50Gbps,50,0.5,2,327.1931042907953,25.41537537432622,0
BERT-large,communication,8.2,medium,Ethernet-50Gbps,50,0.5,2,324.6620048144572,22.44650284835938,1
BERT-large,communication,8.2,medium,Ethernet-50Gbps,50,0.5,2,302.9987038450239,27.106305706665808,2
BERT-large,communication,8.2,medium,Ethernet-50Gbps,50,0.5,2,319.67899948901453,26.36300139474525,3
BERT-large,communication,8.2,medium,Ethernet-50Gbps,50,0.5,2,320.7660364927144,25.059512278991487,4
ViT-base,communication,5.1,medium,200Gbps-uncongested,200,0.0,1,26.07061704357363,191.74328434852202,0
ViT-base,communication,5.1,medium,200Gbps-uncongested,200,0.0,1,25.022025381445072,192.60359538071933,1
ViT-base,communication,5.1,medium,200Gbps-uncongested,200,0.0,1,24.361345029320116,195.0532460245018,2
ViT-base,communication,5.1,medium,200Gbps-uncongested,200,0.0,1,25.178926326985337,192.34002205338436,3
ViT-base,communication,5.1,medium,200Gbps-uncongested,200,0.0,1,26.46590728526,185.68628316448795,4
ViT-base,communication,5.1,medium,200Gbps-light,200,0.2,1,34.53753331559763,154.37144245409056,0
ViT-base,communication,5.1,medium,200Gbps-light,200,0.2,1,37.38560109723771,162.51590113934813,1
ViT-base,communication,5.1,medium,200Gbps-light,200,0.2,1,36.66195556928859,140.98482722512676,2
ViT-base,communication,5.1,medium,200Gbps-light,200,0.2,1,35.32879367634436,171.38727418397997,3
ViT-base,communication,5.1,medium,200Gbps-light,200,0.2,1,35.00671574302405,173.6381488008365,4
ViT-base,communication,5.1,medium,200Gbps-moderate,200,0.4,1,43.66486621779262,133.52973542578155,0
ViT-base,communication,5.1,medium,200Gbps-moderate,200,0.4,1,49.976534368853684,116.51674981977928,1
ViT-base,communication,5.1,medium,200Gbps-moderate,200,0.4,1,43.825753626352764,133.9524909803299,2
ViT-base,communication,5.1,medium,200Gbps-moderate,200,0.4,1,48.36437311958202,114.98054373932862,3
ViT-base,communication,5.1,medium,200Gbps-moderate,200,0.4,1,43.882491459731455,117.29486775493912,4
ViT-base,communication,5.1,medium,200Gbps-heavy,200,0.6,1,51.102359684129745,74.12062754250113,0
ViT-base,communication,5.1,medium,200Gbps-heavy,200,0.6,1,52.03455580982466,75.08609558333359,1
ViT-base,communication,5.1,medium,200Gbps-heavy,200,0.6,1,54.69014540125008,81.49897428823373,2
ViT-base,communication,5.1,medium,200Gbps-heavy,200,0.6,1,59.032376838226064,73.61053413927173,3
ViT-base,communication,5.1,medium,200Gbps-heavy,200,0.6,1,57.48146907004573,78.63047139695675,4
ViT-base,communication,5.1,medium,100Gbps-moderate,100,0.4,1,89.42672028583529,63.239133562399694,0
ViT-base,communication,5.1,medium,100Gbps-moderate,100,0.4,1,84.61592375100493,61.83556678168345,1
ViT-base,communication,5.1,medium,100Gbps-moderate,100,0.4,1,90.39454651923626,62.36376606723911,2
ViT-base,communication,5.1,medium,100Gbps-moderate,100,0.4,1,90.94461335501649,71.78544067157229,3
ViT-base,communication,5.1,medium,100Gbps-moderate,100,0.4,1,86.78981784402974,57.451214615991276,4
ViT-base,communication,5.1,medium,InfiniBand-200Gbps,200,0.15,1,31.36439900141695,162.44551117942052,0
ViT-base,communication,5.1,medium,InfiniBand-200Gbps,200,0.15,1,31.341338707509227,186.1706248230627,1
ViT-base,communication,5.1,medium,InfiniBand-200Gbps,200,0.15,1,34.67234940531561,162.23785040500712,2
ViT-base,communication,5.1,medium,InfiniBand-200Gbps,200,0.15,1,31.025752575761466,176.4112515668551,3
ViT-base,communication,5.1,medium,InfiniBand-200Gbps,200,0.15,1,31.479189750101845,178.60787272147496,4
ViT-base,communication,5.1,medium,Ethernet-100Gbps,100,0.35,1,85.52702274940467,57.118130602014396,0
ViT-base,communication,5.1,medium,Ethernet-100Gbps,100,0.35,1,91.21917485133382,74.33856390009672,1
ViT-base,communication,5.1,medium,Ethernet-100Gbps,100,0.35,1,82.07379006518572,62.98395188833288,2
ViT-base,communication,5.1,medium,Ethernet-100Gbps,100,0.35,1,85.87815084843014,66.73917530793253,3
ViT-base,communication,5.1,medium,Ethernet-100Gbps,100,0.35,1,87.45584904495774,75.45306360158501,4
ViT-base,communication,5.1,medium,Ethernet-50Gbps,50,0.5,1,197.4561897261335,23.403405510923093,0
ViT-base,communication,5.1,medium,Ethernet-50Gbps,50,0.5,1,185.47943737719905,23.538139920116162,1
ViT-base,communication,5.1,medium,Ethernet-50Gbps,50,0.5,1,198.8887742936399,28.589115727035576,2
ViT-base,communication,5.1,medium,Ethernet-50Gbps,50,0.5,1,194.0628562010069,25.447575903277798,3
ViT-base,communication,5.1,medium,Ethernet-50Gbps,50,0.5,1,199.05516255865032,27.37678654689617,4
ViT-large,communication,9.8,medium,200Gbps-uncongested,200,0.0,2,53.89744574549841,191.50609963327489,0
ViT-large,communication,9.8,medium,200Gbps-uncongested,200,0.0,2,46.680540396318705,216.70657403310517,1
ViT-large,communication,9.8,medium,200Gbps-uncongested,200,0.0,2,49.483041161703575,229.54731721177652,2
ViT-large,communication,9.8,medium,200Gbps-uncongested,200,0.0,2,49.248656302781846,194.25132654740705,3
ViT-large,communication,9.8,medium,200Gbps-uncongested,200,0.0,2,49.264750327339996,217.7392572893265,4
ViT-large,communication,9.8,medium,200Gbps-light,200,0.2,2,69.74048230615914,166.4931075981734,0
ViT-large,communication,9.8,medium,200Gbps-light,200,0.2,2,70.56513104032305,174.96698355770462,1
ViT-large,communication,9.8,medium,200Gbps-light,200,0.2,2,71.62188021411984,168.30348656114745,2
ViT-large,communication,9.8,medium,200Gbps-light,200,0.2,2,66.43240721143866,161.87793518634652,3
ViT-large,communication,9.8,medium,200Gbps-light,200,0.2,2,71.03352124523795,149.54322341136339,4
ViT-large,communication,9.8,medium,200Gbps-moderate,200,0.4,2,87.7205559493452,116.22394740165734,0
ViT-large,communication,9.8,medium,200Gbps-moderate,200,0.4,2,86.25660612220952,132.27313788103007,1
ViT-large,communication,9.8,medium,200Gbps-moderate,200,0.4,2,86.95580750973414,120.44579086229902,2
ViT-large,communication,9.8,medium,200Gbps-moderate,200,0.4,2,80.27640079910014,127.16403423386133,3
ViT-large,communication,9.8,medium,200Gbps-moderate,200,0.4,2,88.91268089729702,140.7672453437324,4
ViT-large,communication,9.8,medium,200Gbps-heavy,200,0.6,2,103.65339386094077,81.40256209704921,0
ViT-large,communication,9.8,medium,200Gbps-heavy,200,0.6,2,106.58611138203221,90.09570099048624,1
ViT-large,communication,9.8,medium,200Gbps-heavy,200,0.6,2,104.77183308636167,81.78573776493018,2
ViT-large,communication,9.8,medium,200Gbps-heavy,200,0.6,2,108.47320526110563,81.19429838820069,3
ViT-large,communication,9.8,medium,200Gbps-heavy,200,0.6,2,102.9235574390358,81.24217595454917,4
ViT-large,communication,9.8,medium,100Gbps-moderate,100,0.4,2,181.51311722047186,55.072726562826915,0
ViT-large,communication,9.8,medium,100Gbps-moderate,100,0.4,2,173.4109302011479,56.63942008829197,1
ViT-large,communication,9.8,medium,100Gbps-moderate,100,0.4,2,182.55889772179404,52.68870285703788,2
ViT-large,communication,9.8,medium,100Gbps-moderate,100,0.4,2,167.45147393268027,61.8106170003097,3
ViT-large,communication,9.8,medium,100Gbps-moderate,100,0.4,2,185.7499237674286,59.68439874684966,4
ViT-large,communication,9.8,medium,InfiniBand-200Gbps,200,0.15,2,60.48016553465055,195.58373614439202,0
ViT-large,communication,9.8,medium,InfiniBand-200Gbps,200,0.15,2,57.703198952318616,140.09623898996688,1
ViT-large,communication,9.8,medium,InfiniBand-200Gbps,200,0.15,2,63.57563088224596,163.1720625488045,2
ViT-large,communication,9.8,medium,InfiniBand-200Gbps,200,0.15,2,59.030638161561214,179.6336476832712,3
ViT-large,communication,9.8,medium,InfiniBand-200Gbps,200,0.15,2,62.96533718101687,162.3285306219805,4
ViT-large,communication,9.8,medium,Ethernet-100Gbps,100,0.35,2,152.2803362881557,69.53677810705675,0
ViT-large,communication,9.8,medium,Ethernet-100Gbps,100,0.35,2,167.98454669179262,64.48428550834721,1
ViT-large,communication,9.8,medium,Ethernet-100Gbps,100,0.35,2,177.7172716573018,59.43555921510401,2
ViT-large,communication,9.8,medium,Ethernet-100Gbps,100,0.35,2,150.28552277948918,61.402078036617525,3
ViT-large,communication,9.8,medium,Ethernet-100Gbps,100,0.35,2,162.3244809411706,66.265365136478,4
ViT-large,communication,9.8,medium,Ethernet-50Gbps,50,0.5,2,378.19509108009373,25.704110793028594,0
ViT-large,communication,9.8,medium,Ethernet-50Gbps,50,0.5,2,358.8572532088548,27.88752920814652,1
ViT-large,communication,9.8,medium,Ethernet-50Gbps,50,0.5,2,381.24007510107975,27.234591663176253,2
ViT-large,communication,9.8,medium,Ethernet-50Gbps,50,0.5,2,389.37247733301075,25.913506438307564,3
ViT-large,communication,9.8,medium,Ethernet-50Gbps,50,0.5,2,393.71820184819455,25.89541712003463,4
GPT-2-small,communication,3.2,medium,200Gbps-uncongested,200,0.0,1,16.127127156146518,221.26644048211892,0
GPT-2-small,communication,3.2,medium,200Gbps-uncongested,200,0.0,1,15.778532163829274,211.3440601214162,1
GPT-2-small,communication,3.2,medium,200Gbps-uncongested,200,0.0,1,15.554893988838103,223.0418754471916,2
GPT-2-small,communication,3.2,medium,200Gbps-uncongested,200,0.0,1,15.096568514016194,228.81504692657307,3
GPT-2-small,communication,3.2,medium,200Gbps-uncongested,200,0.0,1,15.593626601059107,177.10759836611123,4
GPT-2-small,communication,3.2,medium,200Gbps-light,200,0.2,1,22.015114203808675,151.28253878432153,0
GPT-2-small,communication,3.2,medium,200Gbps-light,200,0.2,1,22.79445388170642,151.6464130649294,1
GPT-2-small,communication,3.2,medium,200Gbps-light,200,0.2,1,21.386986869921333,135.8138786438972,2
GPT-2-small,communication,3.2,medium,200Gbps-light,200,0.2,1,21.380289963321324,128.97434461914935,3
GPT-2-small,communication,3.2,medium,200Gbps-light,200,0.2,1,20.14260628681249,169.733307598647,4
GPT-2-small,communication,3.2,medium,200Gbps-moderate,200,0.4,1,29.23003147310273,124.08439259313566,0
GPT-2-small,communication,3.2,medium,200Gbps-moderate,200,0.4,1,26.765189798724546,119.541970981037,1
GPT-2-small,communication,3.2,medium,200Gbps-moderate,200,0.4,1,28.11993392940389,108.8796989837516,2
GPT-2-small,communication,3.2,medium,200Gbps-moderate,200,0.4,1,30.239153861860057,128.42267798952642,3
GPT-2-small,communication,3.2,medium,200Gbps-moderate,200,0.4,1,27.814269130552038,120.2581040543475,4
GPT-2-small,communication,3.2,medium,200Gbps-heavy,200,0.6,1,34.73315795115986,66.93289684208455,0
GPT-2-small,communication,3.2,medium,200Gbps-heavy,200,0.6,1,33.950163873792725,75.6353008128141,1
GPT-2-small,communication,3.2,medium,200Gbps-heavy,200,0.6,1,32.65346560799311,78.2009581255299,2
GPT-2-small,communication,3.2,medium,200Gbps-heavy,200,0.6,1,37.46477371802262,84.10139431210887,3
GPT-2-small,communication,3.2,medium,200Gbps-heavy,200,0.6,1,33.393286111310815,83.66452980067942,4
GPT-2-small,communication,3.2,medium,100Gbps-moderate,100,0.4,1,60.185687165398136,64.43824167798128,0
GPT-2-small,communication,3.2,medium,100Gbps-moderate,100,0.4,1,56.41771041540049,56.894703467013244,1
GPT-2-small,communication,3.2,medium,100Gbps-moderate,100,0.4,1,58.21375306953822,61.8887298500244,2
GPT-2-small,communication,3.2,medium,100Gbps-moderate,100,0.4,1,58.76773093132799,63.04882464807345,3
GPT-2-small,communication,3.2,medium,100Gbps-moderate,100,0.4,1,59.20186701183564,57.43087098450927,4
GPT-2-small,communication,3.2,medium,InfiniBand-200Gbps,200,0.15,1,21.650478347909864,172.68735462381665,0
GPT-2-small,communication,3.2,medium,InfiniBand-200Gbps,200,0.15,1,22.420186823760037,160.62704567398188,1
GPT-2-small,communication,3.2,medium,InfiniBand-200Gbps,200,0.15,1,22.075588237589706,172.691586655092,2
GPT-2-small,communication,3.2,medium,InfiniBand-200Gbps,200,0.15,1,19.650903590079075,163.41915265686123,3
GPT-2-small,communication,3.2,medium,InfiniBand-200Gbps,200,0.15,1,19.987147265115144,175.76865687106607,4
GPT-2-small,communication,3.2,medium,Ethernet-100Gbps,100,0.35,1,54.51378176509429,62.016759979519385,0
GPT-2-small,communication,3.2,medium,Ethernet-100Gbps,100,0.35,1,53.060308114306764,76.13980586478169,1
GPT-2-small,communication,3.2,medium,Ethernet-100Gbps,100,0.35,1,57.71378654558001,67.26888308230497,2
GPT-2-small,communication,3.2,medium,Ethernet-100Gbps,100,0.35,1,53.225946738884275,65.62416289893496,3
GPT-2-small,communication,3.2,medium,Ethernet-100Gbps,100,0.35,1,54.754657115065164,59.681478660968295,4
GPT-2-small,communication,3.2,medium,Ethernet-50Gbps,50,0.5,1,123.39139664110408,21.66283185224482,0
GPT-2-small,communication,3.2,medium,Ethernet-50Gbps,50,0.5,1,127.49514451628299,26.29439187940548,1
GPT-2-small,communication,3.2,medium,Ethernet-50Gbps,50,0.5,1,121.98008461062891,28.147973526580067,2
GPT-2-small,communication,3.2,medium,Ethernet-50Gbps,50,0.5,1,117.33896460623536,22.07125023958036,3
GPT-2-small,communication,3.2,medium,Ethernet-50Gbps,50,0.5,1,126.40282386599982,27.094196605224308,4
GPT-2-medium,communication,6.5,medium,200Gbps-uncongested,200,0.0,1,34.410529783807654,192.65785179409696,0
GPT-2-medium,communication,6.5,medium,200Gbps-uncongested,200,0.0,1,33.450055033521345,199.3838644879887,1
GPT-2-medium,communication,6.5,medium,200Gbps-uncongested,200,0.0,1,31.464336560152507,214.13855899978677,2
GPT-2-medium,communication,6.5,medium,200Gbps-uncongested,200,0.0,1,32.77346159904473,174.777725488252,3
GPT-2-medium,communication,6.5,medium,200Gbps-uncongested,200,0.0,1,34.08142389482869,222.0814616663592,4
GPT-2-medium,communication,6.5,medium,200Gbps-light,200,0.2,1,43.04379380279865,165.06628522799883,0
GPT-2-medium,communication,6.5,medium,200Gbps-light,200,0.2,1,45.5311705798762,163.336624202546,1
GPT-2-medium,communication,6.5,medium,200Gbps-light,200,0.2,1,43.210991967775065,151.40322089039296,2
GPT-2-medium,communication,6.5,medium,200Gbps-light,200,0.2,1,44.37682078954538,175.01093144651986,3
GPT-2-medium,communication,6.5,medium,200Gbps-light,200,0.2,1,45.64129917158431,155.25613654929785,4
GPT-2-medium,communication,6.5,medium,200Gbps-moderate,200,0.4,1,59.33322141469376,92.65399084195128,0
GPT-2-medium,communication,6.5,medium,200Gbps-moderate,200,0.4,1,60.410292649988676,103.29874772373024,1
GPT-2-medium,communication,6.5,medium,200Gbps-moderate,200,0.4,1,56.093613521870935,109.25116901158903,2
GPT-2-medium,communication,6.5,medium,200Gbps-moderate,200,0.4,1,53.43071941749644,131.14393715883378,3
GPT-2-medium,communication,6.5,medium,200Gbps-moderate,200,0.4,1,55.79294334586203,123.32643726461488,4
GPT-2-medium,communication,6.5,medium,200Gbps-heavy,200,0.6,1,69.66040911182316,83.05306129422797,0
GPT-2-medium,communication,6.5,medium,200Gbps-heavy,200,0.6,1,70.09242017630899,71.78884976519315,1
GPT-2-medium,communication,6.5,medium,200Gbps-heavy,200,0.6,1,73.30239636672219,76.8399578677676,2
GPT-2-medium,communication,6.5,medium,200Gbps-heavy,200,0.6,1,64.38986300028456,77.26006296981816,3
GPT-2-medium,communication,6.5,medium,200Gbps-heavy,200,0.6,1,75.06368774562272,85.44141914952635,4
GPT-2-medium,communication,6.5,medium,100Gbps-moderate,100,0.4,1,112.2660009899551,58.323563019271546,0
GPT-2-medium,communication,6.5,medium,100Gbps-moderate,100,0.4,1,112.42034663122882,69.96839032109204,1
GPT-2-medium,communication,6.5,medium,100Gbps-moderate,100,0.4,1,116.43976796440877,62.06419990651714,2
GPT-2-medium,communication,6.5,medium,100Gbps-moderate,100,0.4,1,120.14370918563114,61.14618796332727,3
GPT-2-medium,communication,6.5,medium,100Gbps-moderate,100,0.4,1,112.77793305366103,59.057520724392106,4
GPT-2-medium,communication,6.5,medium,InfiniBand-200Gbps,200,0.15,1,41.112053065906046,169.49377758346617,0
GPT-2-medium,communication,6.5,medium,InfiniBand-200Gbps,200,0.15,1,42.760856846614374,170.70646404697928,1
GPT-2-medium,communication,6.5,medium,InfiniBand-200Gbps,200,0.15,1,42.77119351866984,168.90225451052328,2
GPT-2-medium,communication,6.5,medium,InfiniBand-200Gbps,200,0.15,1,41.42198910111596,142.82447069036334,3
GPT-2-medium,communication,6.5,medium,InfiniBand-200Gbps,200,0.15,1,43.15013887969628,174.7122432722127,4
GPT-2-medium,communication,6.5,medium,Ethernet-100Gbps,100,0.35,1,113.29492759470175,49.93947203339282,0
GPT-2-medium,communication,6.5,medium,Ethernet-100Gbps,100,0.35,1,119.17799828507181,64.27413393359309,1
GPT-2-medium,communication,6.5,medium,Ethernet-100Gbps,100,0.35,1,113.88936529538552,59.59248917894724,2
GPT-2-medium,communication,6.5,medium,Ethernet-100Gbps,100,0.35,1,111.21638264206123,59.52223907149699,3
GPT-2-medium,communication,6.5,medium,Ethernet-100Gbps,100,0.35,1,104.54460594937078,74.95296304010728,4
GPT-2-medium,communication,6.5,medium,Ethernet-50Gbps,50,0.5,1,251.48547733405908,25.43486574635945,0
GPT-2-medium,communication,6.5,medium,Ethernet-50Gbps,50,0.5,1,264.9520317372596,25.99136377594521,1
GPT-2-medium,communication,6.5,medium,Ethernet-50Gbps,50,0.5,1,255.81586500670554,25.729922004932448,2
GPT-2-medium,communication,6.5,medium,Ethernet-50Gbps,50,0.5,1,284.4183619219703,24.88476240593283,3
GPT-2-medium,communication,6.5,medium,Ethernet-50Gbps,50,0.5,1,256.4592652414986,27.10130879201522,4
T5-base,communication,4.8,medium,200Gbps-uncongested,200,0.0,1,24.733038202685137,218.9924848889661,0
T5-base,communication,4.8,medium,200Gbps-uncongested,200,0.0,1,24.186011978940453,181.71192139631228,1
T5-base,communication,4.8,medium,200Gbps-uncongested,200,0.0,1,25.35167757691535,181.658473711701,2
T5-base,communication,4.8,medium,200Gbps-uncongested,200,0.0,1,23.79215093582699,187.93158639969027,3
T5-base,communication,4.8,medium,200Gbps-uncongested,200,0.0,1,23.362337875086336,205.2601985648557,4
T5-base,communication,4.8,medium,200Gbps-light,200,0.2,1,33.33972668159811,165.40058565421165,0
T5-base,communication,4.8,medium,200Gbps-light,200,0.2,1,35.45999505079934,165.80523905937895,1
T5-base,communication,4.8,medium,200Gbps-light,200,0.2,1,32.41193052022628,172.34031575409097,2
T5-base,communication,4.8,medium,200Gbps-light,200,0.2,1,34.76397502089199,144.2866199662465,3
T5-base,communication,4.8,medium,200Gbps-light,200,0.2,1,33.79260948959742,168.9750111015795,4
T5-base,communication,4.8,medium,200Gbps-moderate,200,0.4,1,41.55982698510002,133.20678540779156,0
T5-base,communication,4.8,medium,200Gbps-moderate,200,0.4,1,41.87097649610326,121.2055339533268,1
T5-base,communication,4.8,medium,200Gbps-moderate,200,0.4,1,41.822426620651214,120.1495588567821,2
T5-base,communication,4.8,medium,200Gbps-moderate,200,0.4,1,39.875044738580435,106.17551152709477,3
T5-base,communication,4.8,medium,200Gbps-moderate,200,0.4,1,45.550909117740176,111.86917105614405,4
T5-base,communication,4.8,medium,200Gbps-heavy,200,0.6,1,49.00656659905796,66.21830327293623,0
T5-base,communication,4.8,medium,200Gbps-heavy,200,0.6,1,49.91517674423801,71.532225322192,1
T5-base,communication,4.8,medium,200Gbps-heavy,200,0.6,1,55.795820334726585,86.46282937179286,2
T5-base,communication,4.8,medium,200Gbps-heavy,200,0.6,1,49.78836239133869,94.41558915420357,3
T5-base,communication,4.8,medium,200Gbps-heavy,200,0.6,1,54.093614146150216,77.92107914554481,4
T5-base,communication,4.8,medium,100Gbps-moderate,100,0.4,1,73.83063214037712,70.99652434843556,0
T5-base,communication,4.8,medium,100Gbps-moderate,100,0.4,1,78.51274115584108,52.10208601460692,1
T5-base,communication,4.8,medium,100Gbps-moderate,100,0.4,1,88.68896901004067,71.71081155042852,2
T5-base,communication,4.8,medium,100Gbps-moderate,100,0.4,1,90.21490095309126,62.70676377625132,3
T5-base,communication,4.8,medium,100Gbps-moderate,100,0.4,1,86.88411987890042,64.09639468214547,4
T5-base,communication,4.8,medium,InfiniBand-200Gbps,200,0.15,1,31.624930273503278,173.82420336598352,0
T5-base,communication,4.8,medium,InfiniBand-200Gbps,200,0.15,1,30.627493869301684,169.1487334605665,1
T5-base,communication,4.8,medium,InfiniBand-200Gbps,200,0.15,1,29.320132071648423,166.1828189546119,2
T5-base,communication,4.8,medium,InfiniBand-200Gbps,200,0.15,1,27.88963610337422,168.66258107559142,3
T5-base,communication,4.8,medium,InfiniBand-200Gbps,200,0.15,1,28.962693235199772,154.99118528586553,4
T5-base,communication,4.8,medium,Ethernet-100Gbps,100,0.35,1,80.40426575850215,72.23841188899192,0
T5-base,communication,4.8,medium,Ethernet-100Gbps,100,0.35,1,83.34641772704047,56.83339686115948,1
T5-base,communication,4.8,medium,Ethernet-100Gbps,100,0.35,1,75.74445039335257,69.89201017753872,2
T5-base,communication,4.8,medium,Ethernet-100Gbps,100,0.35,1,75.7729017913708,63.83190762001547,3
T5-base,communication,4.8,medium,Ethernet-100Gbps,100,0.35,1,81.87911383205096,59.9646088347091,4
T5-base,communication,4.8,medium,Ethernet-50Gbps,50,0.5,1,188.48789537011837,22.33194901016359,0
T5-base,communication,4.8,medium,Ethernet-50Gbps,50,0.5,1,181.86217833795737,25.639563868285077,1
T5-base,communication,4.8,medium,Ethernet-50Gbps,50,0.5,1,172.5656837481406,25.8809494759208,2
T5-base,communication,4.8,medium,Ethernet-50Gbps,50,0.5,1,187.31589563506236,26.1049799088343,3
T5-base,communication,4.8,medium,Ethernet-50Gbps,50,0.5,1,189.5991950068562,27.72828085994769,4
T5-large,communication,8.9,medium,200Gbps-uncongested,200,0.0,2,43.72912550624179,193.12951134199596,0
T5-large,communication,8.9,medium,200Gbps-uncongested,200,0.0,2,43.72276557055355,208.6927684645822,1
T5-large,communication,8.9,medium,200Gbps-uncongested,200,0.0,2,43.563196930151065,200.6494670592621,2
T5-large,communication,8.9,medium,200Gbps-uncongested,200,0.0,2,41.931707514287076,189.3935853191848,3
T5-large,communication,8.9,medium,200Gbps-uncongested,200,0.0,2,40.4093781935993,227.99322789099102,4
T5-large,communication,8.9,medium,200Gbps-light,200,0.2,2,57.05602150562123,151.1308134682124,0
T5-large,communication,8.9,medium,200Gbps-light,200,0.2,2,58.65445446069526,171.45503202488885,1
T5-large,communication,8.9,medium,200Gbps-light,200,0.2,2,59.94260913293001,175.97109853022377,2
T5-large,communication,8.9,medium,200Gbps-light,200,0.2,2,58.79109053269565,163.57112527646467,3
T5-large,communication,8.9,medium,200Gbps-light,200,0.2,2,58.29872454013266,187.45790883549938,4
T5-large,communication,8.9,medium,200Gbps-moderate,200,0.4,2,73.57780110526055,122.97427881817946,0
T5-large,communication,8.9,medium,200Gbps-moderate,200,0.4,2,80.70144180481743,123.97247133553438,1
T5-large,communication,8.9,medium,200Gbps-moderate,200,0.4,2,77.49797160761209,118.7537212825591,2
T5-large,communication,8.9,medium,200Gbps-moderate,200,0.4,2,78.39400873562143,118.5887807843665,3
T5-large,communication,8.9,medium,200Gbps-moderate,200,0.4,2,81.9925154909801,141.22102081527697,4
T5-large,communication,8.9,medium,200Gbps-heavy,200,0.6,2,92.94050557850261,71.2332609306939,0
T5-large,communication,8.9,medium,200Gbps-heavy,200,0.6,2,95.18345641925842,96.51013976098764,1
T5-large,communication,8.9,medium,200Gbps-heavy,200,0.6,2,91.76368456034002,90.49034755484203,2
T5-large,communication,8.9,medium,200Gbps-heavy,200,0.6,2,103.62533738760176,76.45703525306884,3
T5-large,communication,8.9,medium,200Gbps-heavy,200,0.6,2,98.32536344981634,90.42173838802265,4
T5-large,communication,8.9,medium,100Gbps-moderate,100,0.4,2,153.47967460418968,59.022814271508665,0
T5-large,communication,8.9,medium,100Gbps-moderate,100,0.4,2,151.89524988210096,55.12916769267424,1
T5-large,communication,8.9,medium,100Gbps-moderate,100,0.4,2,151.36649107814577,54.125086719541166,2
T5-large,communication,8.9,medium,100Gbps-moderate,100,0.4,2,156.71192244214492,56.30412849091852,3
T5-large,communication,8.9,medium,100Gbps-moderate,100,0.4,2,158.27404800141005,52.53170089822259,4
T5-large,communication,8.9,medium,InfiniBand-200Gbps,200,0.15,2,57.428780343437815,181.33599387788138,0
T5-large,communication,8.9,medium,InfiniBand-200Gbps,200,0.15,2,50.86242153697467,175.087169349927,1
T5-large,communication,8.9,medium,InfiniBand-200Gbps,200,0.15,2,59.96194586008692,153.5488821457996,2
T5-large,communication,8.9,medium,InfiniBand-200Gbps,200,0.15,2,61.21866760637506,175.6986585273782,3
T5-large,communication,8.9,medium,InfiniBand-200Gbps,200,0.15,2,54.50268867892461,169.2415405438552,4
T5-large,communication,8.9,medium,Ethernet-100Gbps,100,0.35,2,151.8786553644793,65.39522803534454,0
T5-large,communication,8.9,medium,Ethernet-100Gbps,100,0.35,2,151.73407136997736,60.2124973159873,1
T5-large,communication,8.9,medium,Ethernet-100Gbps,100,0.35,2,149.00509241585246,57.6486846160941,2
T5-large,communication,8.9,medium,Ethernet-100Gbps,100,0.35,2,146.93220199794638,60.2996802643831,3
T5-large,communication,8.9,medium,Ethernet-100Gbps,100,0.35,2,142.32003514092617,71.42768451109427,4
T5-large,communication,8.9,medium,Ethernet-50Gbps,50,0.5,2,366.62628920564254,26.218276241814355,0
T5-large,communication,8.9,medium,Ethernet-50Gbps,50,0.5,2,328.66878202033996,24.367183100610397,1
T5-large,communication,8.9,medium,Ethernet-50Gbps,50,0.5,2,368.7432998629194,25.28343382727981,2
T5-large,communication,8.9,medium,Ethernet-50Gbps,50,0.5,2,387.97272051921306,25.786635678788745,3
T5-large,communication,8.9,medium,Ethernet-50Gbps,50,0.5,2,350.9946037827369,24.381767071594997,4
CosmoFlow,collective,12.5,high,200Gbps-uncongested,200,0.0,2,61.44269074945765,197.5604826179113,0
CosmoFlow,collective,12.5,high,200Gbps-uncongested,200,0.0,2,63.19613243618345,215.30723706871333,1
CosmoFlow,collective,12.5,high,200Gbps-uncongested,200,0.0,2,58.6365067733522,178.70027274307557,2
CosmoFlow,collective,12.5,high,200Gbps-uncongested,200,0.0,2,55.431502157277535,208.1278612306007,3
CosmoFlow,collective,12.5,high,200Gbps-uncongested,200,0.0,2,57.66794858955727,165.55375051276027,4
CosmoFlow,collective,12.5,high,200Gbps-light,200,0.2,2,105.77570687165114,191.9103938231397,0
CosmoFlow,collective,12.5,high,200Gbps-light,200,0.2,2,103.72826980707454,170.732681912981,1
CosmoFlow,collective,12.5,high,200Gbps-light,200,0.2,2,104.18429537820698,158.7342124391534,2
CosmoFlow,collective,12.5,high,200Gbps-light,200,0.2,2,108.52792364831302,156.28448583438526,3
CosmoFlow,collective,12.5,high,200Gbps-light,200,0.2,2,105.14699381690137,164.117731919309,4
CosmoFlow,collective,12.5,high,200Gbps-moderate,200,0.4,2,141.5911343727316,129.52360655555063,0
CosmoFlow,collective,12.5,high,200Gbps-moderate,200,0.4,2,145.20293146951607,112.74484646886869,1
CosmoFlow,collective,12.5,high,200Gbps-moderate,200,0.4,2,150.41389045583796,111.37470737480604,2
CosmoFlow,collective,12.5,high,200Gbps-moderate,200,0.4,2,146.6907799611997,119.91245763221565,3
CosmoFlow,collective,12.5,high,200Gbps-moderate,200,0.4,2,154.43771166380552,124.55710303564754,4
CosmoFlow,collective,12.5,high,200Gbps-heavy,200,0.6,2,188.9722181026918,85.23370431488183,0
CosmoFlow,collective,12.5,high,200Gbps-heavy,200,0.6,2,202.3609722960012,83.56998596065193,1
CosmoFlow,collective,12.5,high,200Gbps-heavy,200,0.6,2,189.30692480930932,71.60424811295898,2
CosmoFlow,collective,12.5,high,200Gbps-heavy,200,0.6,2,179.13253065327865,78.04656189213013,3
CosmoFlow,collective,12.5,high,200Gbps-heavy,200,0.6,2,183.44272513826363,78.80338366089315,4
CosmoFlow,collective,12.5,high,100Gbps-moderate,100,0.4,2,293.79858288423503,62.54252522091231,0
CosmoFlow,collective,12.5,high,100Gbps-moderate,100,0.4,2,291.93605305577506,62.335207890365766,1
CosmoFlow,collective,12.5,high,100Gbps-moderate,100,0.4,2,293.91319943569516,50.51776048150142,2
CosmoFlow,collective,12.5,high,100Gbps-moderate,100,0.4,2,279.20895419210814,59.308379732536245,3
CosmoFlow,collective,12.5,high,100Gbps-moderate,100,0.4,2,275.24861216541353,62.87965790398178,4
CosmoFlow,collective,12.5,high,InfiniBand-200Gbps,200,0.15,2,100.20262151893354,186.5751611830835,0
CosmoFlow,collective,12.5,high,InfiniBand-200Gbps,200,0.15,2,92.08526495920238,190.27387546115935,1
CosmoFlow,collective,12.5,high,InfiniBand-200Gbps,200,0.15,2,93.7705013190711,165.41563079279467,2
CosmoFlow,collective,12.5,high,InfiniBand-200Gbps,200,0.15,2,90.2238798159792,165.88641226376146,3
CosmoFlow,collective,12.5,high,InfiniBand-200Gbps,200,0.15,2,91.27206528236276,172.31766062430665,4
CosmoFlow,collective,12.5,high,Ethernet-100Gbps,100,0.35,2,273.78709172263143,65.01583930479775,0
CosmoFlow,collective,12.5,high,Ethernet-100Gbps,100,0.35,2,277.5402064678077,71.19136062888897,1
CosmoFlow,collective,12.5,high,Ethernet-100Gbps,100,0.35,2,284.50169648045005,57.2785305640605,2
CosmoFlow,collective,12.5,high,Ethernet-100Gbps,100,0.35,2,236.92337325954065,69.85846353844423,3
CosmoFlow,collective,12.5,high,Ethernet-100Gbps,100,0.35,2,253.0437920900005,63.83121991015805,4
CosmoFlow,collective,12.5,high,Ethernet-50Gbps,50,0.5,2,632.1068014933686,21.39603912483996,0
CosmoFlow,collective,12.5,high,Ethernet-50Gbps,50,0.5,2,689.5632629707418,26.51831032060529,1
CosmoFlow,collective,12.5,high,Ethernet-50Gbps,50,0.5,2,652.033647436542,19.81791541571018,2
CosmoFlow,collective,12.5,high,Ethernet-50Gbps,50,0.5,2,653.0496553626181,25.783608010805093,3
CosmoFlow,collective,12.5,high,Ethernet-50Gbps,50,0.5,2,621.7406394759662,25.36671983955831,4
DeepCAM,collective,11.2,high,200Gbps-uncongested,200,0.0,2,54.64563713116759,209.26866399361742,0
DeepCAM,collective,11.2,high,200Gbps-uncongested,200,0.0,2,55.014477569882445,184.4308969458951,1
DeepCAM,collective,11.2,high,200Gbps-uncongested,200,0.0,2,57.95937519986384,197.46352683156846,2
DeepCAM,collective,11.2,high,200Gbps-uncongested,200,0.0,2,54.61283914977753,185.06771265482885,3
DeepCAM,collective,11.2,high,200Gbps-uncongested,200,0.0,2,53.47540009439822,185.84315657556957,4
DeepCAM,collective,11.2,high,200Gbps-light,200,0.2,2,92.16482104957473,181.909868545822,0
DeepCAM,collective,11.2,high,200Gbps-light,200,0.2,2,86.59155328090505,139.3464141071777,1
DeepCAM,collective,11.2,high,200Gbps-light,200,0.2,2,99.80739331920859,157.3206569324561,2
DeepCAM,collective,11.2,high,200Gbps-light,200,0.2,2,89.85860719138556,173.31077999866977,3
DeepCAM,collective,11.2,high,200Gbps-light,200,0.2,2,90.15358401450443,183.3729243334008,4
DeepCAM,collective,11.2,high,200Gbps-moderate,200,0.4,2,135.698888530664,115.31605048180126,0
DeepCAM,collective,11.2,high,200Gbps-moderate,200,0.4,2,145.4073351495549,114.18513673916796,1
DeepCAM,collective,11.2,high,200Gbps-moderate,200,0.4,2,136.1200008788111,122.87320877190234,2
DeepCAM,collective,11.2,high,200Gbps-moderate,200,0.4,2,139.79267721167966,134.99050748857778,3
DeepCAM,collective,11.2,high,200Gbps-moderate,200,0.4,2,131.46002722824412,112.76718844467663,4
DeepCAM,collective,11.2,high,200Gbps-heavy,200,0.6,2,173.43023261788235,75.66262163358653,0
DeepCAM,collective,11.2,high,200Gbps-heavy,200,0.6,2,186.59785284036238,80.87382611892951,1
DeepCAM,collective,11.2,high,200Gbps-heavy,200,0.6,2,166.43457903770596,81.18195395753543,2
DeepCAM,collective,11.2,high,200Gbps-heavy,200,0.6,2,158.11224981140842,73.78167015353183,3
DeepCAM,collective,11.2,high,200Gbps-heavy,200,0.6,2,179.70663351656017,75.79587661458307,4
DeepCAM,collective,11.2,high,100Gbps-moderate,100,0.4,2,248.7592933522996,62.57593321213098,0
DeepCAM,collective,11.2,high,100Gbps-moderate,100,0.4,2,278.0623670299519,63.450975891192314,1
DeepCAM,collective,11.2,high,100Gbps-moderate,100,0.4,2,275.5731258762014,56.36738357486659,2
DeepCAM,collective,11.2,high,100Gbps-moderate,100,0.4,2,243.83873499901335,67.20640152938633,3
DeepCAM,collective,11.2,high,100Gbps-moderate,100,0.4,2,258.264827115197,58.796001521015775,4
DeepCAM,collective,11.2,high,InfiniBand-200Gbps,200,0.15,2,88.93690330634324,177.56472812784898,0
DeepCAM,collective,11.2,high,InfiniBand-200Gbps,200,0.15,2,85.29945389334812,199.44403189065474,1
DeepCAM,collective,11.2,high,InfiniBand-200Gbps,200,0.15,2,80.71501675417656,182.61862574190482,2
DeepCAM,collective,11.2,high,InfiniBand-200Gbps,200,0.15,2,83.63617777667046,173.6528549925403,3
DeepCAM,collective,11.2,high,InfiniBand-200Gbps,200,0.15,2,89.77203142654444,176.90656628553887,4
DeepCAM,collective,11.2,high,Ethernet-100Gbps,100,0.35,2,249.9093448681234,70.57703815401098,0
DeepCAM,collective,11.2,high,Ethernet-100Gbps,100,0.35,2,238.91864159169495,60.636109729837166,1
DeepCAM,collective,11.2,high,Ethernet-100Gbps,100,0.35,2,230.64616937743935,54.77494573524479,2
DeepCAM,collective,11.2,high,Ethernet-100Gbps,100,0.35,2,268.37923910064103,59.26331649824725,3
DeepCAM,collective,11.2,high,Ethernet-100Gbps,100,0.35,2,240.66716782238404,63.56057084057762,4
DeepCAM,collective,11.2,high,Ethernet-50Gbps,50,0.5,2,610.8087170825394,26.631474425078594,0
DeepCAM,collective,11.2,high,Ethernet-50Gbps,50,0.5,2,627.4439291420705,23.833845122862122,1
DeepCAM,collective,11.2,high,Ethernet-50Gbps,50,0.5,2,596.5357922025181,25.565159900976596,2
DeepCAM,collective,11.2,high,Ethernet-50Gbps,50,0.5,2,594.0823372202605,28.214691152039983,3
DeepCAM,collective,11.2,high,Ethernet-50Gbps,50,0.5,2,616.3301059672443,26.469755572099636,4
ClimateBench,collective,13.8,high,200Gbps-uncongested,200,0.0,2,69.61615271181891,218.7755817197652,0
ClimateBench,collective,13.8,high,200Gbps-uncongested,200,0.0,2,67.99269958742948,179.25068883270646,1
ClimateBench,collective,13.8,high,200Gbps-uncongested,200,0.0,2,68.72941741557287,189.57828969933072,2
ClimateBench,collective,13.8,high,200Gbps-uncongested,200,0.0,2,65.6018285624642,209.38182430008146,3
ClimateBench,collective,13.8,high,200Gbps-uncongested,200,0.0,2,71.55476230121684,200.340345227777,4
ClimateBench,collective,13.8,high,200Gbps-light,200,0.2,2,116.31963439345013,181.78835129133105,0
ClimateBench,collective,13.8,high,200Gbps-light,200,0.2,2,115.92970448994187,193.30154386150906,1
ClimateBench,collective,13.8,high,200Gbps-light,200,0.2,2,117.78975983557521,137.46223668280552,2
ClimateBench,collective,13.8,high,200Gbps-light,200,0.2,2,118.8655748122833,164.87882732649953,3
ClimateBench,collective,13.8,high,200Gbps-light,200,0.2,2,121.93789052997589,168.61672129625546,4
ClimateBench,collective,13.8,high,200Gbps-moderate,200,0.4,2,160.59920356700624,108.24673693162208,0
ClimateBench,collective,13.8,high,200Gbps-moderate,200,0.4,2,160.0286010055388,111.83500363959072,1
ClimateBench,collective,13.8,high,200Gbps-moderate,200,0.4,2,157.02467366759467,125.65035268243784,2
ClimateBench,collective,13.8,high,200Gbps-moderate,200,0.4,2,175.22149345315398,123.78884668630063,3
ClimateBench,collective,13.8,high,200Gbps-moderate,200,0.4,2,152.04891430307492,124.26818561491334,4
ClimateBench,collective,13.8,high,200Gbps-heavy,200,0.6,2,221.38473998991722,76.09738941235595,0
ClimateBench,collective,13.8,high,200Gbps-heavy,200,0.6,2,207.48699843987612,80.09400444626687,1
ClimateBench,collective,13.8,high,200Gbps-heavy,200,0.6,2,200.68897709139202,84.1489947766007,2
ClimateBench,collective,13.8,high,200Gbps-heavy,200,0.6,2,207.62349565492164,82.68500764100497,3
ClimateBench,collective,13.8,high,200Gbps-heavy,200,0.6,2,199.6174523031314,77.20026687793018,4
ClimateBench,collective,13.8,high,100Gbps-moderate,100,0.4,2,335.119761021121,58.210400869959514,0
ClimateBench,collective,13.8,high,100Gbps-moderate,100,0.4,2,351.36574353166526,58.08174630904991,1
ClimateBench,collective,13.8,high,100Gbps-moderate,100,0.4,2,327.07107329926885,64.47643599299083,2
ClimateBench,collective,13.8,high,100Gbps-moderate,100,0.4,2,300.49986666272366,51.54811770249228,3
ClimateBench,collective,13.8,high,100Gbps-moderate,100,0.4,2,298.7647767878118,66.06040369645048,4
ClimateBench,collective,13.8,high,InfiniBand-200Gbps,200,0.15,2,99.92337532219078,204.79151028508824,0
ClimateBench,collective,13.8,high,InfiniBand-200Gbps,200,0.15,2,99.85971906402716,172.5098977234797,1
ClimateBench,collective,13.8,high,InfiniBand-200Gbps,200,0.15,2,110.68205662885521,197.28286327896407,2
ClimateBench,collective,13.8,high,InfiniBand-200Gbps,200,0.15,2,113.35066962165844,186.43378073606672,3
ClimateBench,collective,13.8,high,InfiniBand-200Gbps,200,0.15,2,108.02036031633357,178.05836650913608,4
ClimateBench,collective,13.8,high,Ethernet-100Gbps,100,0.35,2,311.52323088071114,62.13383427509162,0
ClimateBench,collective,13.8,high,Ethernet-100Gbps,100,0.35,2,287.58652504126854,64.98245282146304,1
ClimateBench,collective,13.8,high,Ethernet-100Gbps,100,0.35,2,297.3019927565293,62.64321414349817,2
ClimateBench,collective,13.8,high,Ethernet-100Gbps,100,0.35,2,310.2942268428508,69.96758708456666,3
ClimateBench,collective,13.8,high,Ethernet-100Gbps,100,0.35,2,301.1789714080034,72.68315642148735,4
ClimateBench,collective,13.8,high,Ethernet-50Gbps,50,0.5,2,698.899314568978,24.612681081440563,0
ClimateBench,collective,13.8,high,Ethernet-50Gbps,50,0.5,2,714.6451102862534,21.26692676585388,1
ClimateBench,collective,13.8,high,Ethernet-50Gbps,50,0.5,2,738.1467460666695,24.756504983233434,2
ClimateBench,collective,13.8,high,Ethernet-50Gbps,50,0.5,2,797.3002126523818,26.261623369109554,3
ClimateBench,collective,13.8,high,Ethernet-50Gbps,50,0.5,2,703.2540136881901,28.70818513266838,4
HydroNet-3D,collective,10.5,high,200Gbps-uncongested,200,0.0,2,54.399622510502006,209.31356325549783,0
HydroNet-3D,collective,10.5,high,200Gbps-uncongested,200,0.0,2,50.68894457081952,184.64897221242433,1
HydroNet-3D,collective,10.5,high,200Gbps-uncongested,200,0.0,2,50.315387903138166,217.41997791526697,2
HydroNet-3D,collective,10.5,high,200Gbps-uncongested,200,0.0,2,56.100624075271824,224.69189645235502,3
HydroNet-3D,collective,10.5,high,200Gbps-uncongested,200,0.0,2,50.01637721465921,182.0861210673758,4
HydroNet-3D,collective,10.5,high,200Gbps-light,200,0.2,2,87.77217273129028,137.36397612079548,0
HydroNet-3D,collective,10.5,high,200Gbps-light,200,0.2,2,88.56653898881797,158.11068689537703,1
HydroNet-3D,collective,10.5,high,200Gbps-light,200,0.2,2,85.12725792032518,139.58780073898504,2
HydroNet-3D,collective,10.5,high,200Gbps-light,200,0.2,2,89.39642624567126,153.18142925232752,3
HydroNet-3D,collective,10.5,high,200Gbps-light,200,0.2,2,82.05981066469029,123.23504366999488,4
HydroNet-3D,collective,10.5,high,200Gbps-moderate,200,0.4,2,122.87759384587989,137.01361532802954,0
HydroNet-3D,collective,10.5,high,200Gbps-moderate,200,0.4,2,133.26751274575352,115.6118759367718,1
HydroNet-3D,collective,10.5,high,200Gbps-moderate,200,0.4,2,119.34185939425859,124.50023285832023,2
HydroNet-3D,collective,10.5,high,200Gbps-moderate,200,0.4,2,116.90446458311892,122.89720223826686,3
HydroNet-3D,collective,10.5,high,200Gbps-moderate,200,0.4,2,127.76006421271833,131.77855894928936,4
HydroNet-3D,collective,10.5,high,200Gbps-heavy,200,0.6,2,158.13964472914492,78.69648799886741,0
HydroNet-3D,collective,10.5,high,200Gbps-heavy,200,0.6,2,151.95841474635594,74.70796573414489,1
HydroNet-3D,collective,10.5,high,200Gbps-heavy,200,0.6,2,157.13576954799933,82.35113924362354,2
HydroNet-3D,collective,10.5,high,200Gbps-heavy,200,0.6,2,166.19560048434872,74.8596547156458,3
HydroNet-3D,collective,10.5,high,200Gbps-heavy,200,0.6,2,170.79761057608212,78.26480895332756,4
HydroNet-3D,collective,10.5,high,100Gbps-moderate,100,0.4,2,245.83083212032201,56.41338394009045,0
HydroNet-3D,collective,10.5,high,100Gbps-moderate,100,0.4,2,216.26423117242283,64.24341790253304,1
HydroNet-3D,collective,10.5,high,100Gbps-moderate,100,0.4,2,255.16038389000457,58.64962772583257,2
HydroNet-3D,collective,10.5,high,100Gbps-moderate,100,0.4,2,246.91804984085294,62.476508244979684,3
HydroNet-3D,collective,10.5,high,100Gbps-moderate,100,0.4,2,226.86711152659137,57.46054714873778,4
HydroNet-3D,collective,10.5,high,InfiniBand-200Gbps,200,0.15,2,81.29105546446398,152.94166384489822,0
HydroNet-3D,collective,10.5,high,InfiniBand-200Gbps,200,0.15,2,79.3336416964888,151.55048745712168,1
HydroNet-3D,collective,10.5,high,InfiniBand-200Gbps,200,0.15,2,80.00945070647384,169.5152758407542,2
HydroNet-3D,collective,10.5,high,InfiniBand-200Gbps,200,0.15,2,71.87199750923169,185.84045522061754,3
HydroNet-3D,collective,10.5,high,InfiniBand-200Gbps,200,0.15,2,75.31429501379912,158.9805668566044,4
HydroNet-3D,collective,10.5,high,Ethernet-100Gbps,100,0.35,2,230.43740130386126,70.97291421702933,0
HydroNet-3D,collective,10.5,high,Ethernet-100Gbps,100,0.35,2,216.56145642290875,65.32073521920944,1
HydroNet-3D,collective,10.5,high,Ethernet-100Gbps,100,0.35,2,233.04112572703755,68.60414915776835,2
HydroNet-3D,collective,10.5,high,Ethernet-100Gbps,100,0.35,2,230.16216593513872,63.09145523676672,3
HydroNet-3D,collective,10.5,high,Ethernet-100Gbps,100,0.35,2,218.70870286625694,65.44794819184115,4
HydroNet-3D,collective,10.5,high,Ethernet-50Gbps,50,0.5,2,533.7324082313629,19.157299033010787,0
HydroNet-3D,collective,10.5,high,Ethernet-50Gbps,50,0.5,2,576.2750628369654,26.80786968217239,1
HydroNet-3D,collective,10.5,high,Ethernet-50Gbps,50,0.5,2,497.33430265989205,22.980538590580124,2
HydroNet-3D,collective,10.5,high,Ethernet-50Gbps,50,0.5,2,581.4239055532471,29.114990939423397,3
HydroNet-3D,collective,10.5,high,Ethernet-50Gbps,50,0.5,2,564.5511897550073,23.54399411754173,4
SeismoNet,collective,14.2,high,200Gbps-uncongested,200,0.0,2,68.70187268952911,221.99802270637096,0
SeismoNet,collective,14.2,high,200Gbps-uncongested,200,0.0,2,67.09651090244911,187.21292789359595,1
SeismoNet,collective,14.2,high,200Gbps-uncongested,200,0.0,2,67.66236376587284,184.7467422678606,2
SeismoNet,collective,14.2,high,200Gbps-uncongested,200,0.0,2,69.76121056814601,225.99485533551297,3
SeismoNet,collective,14.2,high,200Gbps-uncongested,200,0.0,2,70.45598771441593,195.96234396597941,4
SeismoNet,collective,14.2,high,200Gbps-light,200,0.2,2,116.15128807821748,139.9911576486828,0
SeismoNet,collective,14.2,high,200Gbps-light,200,0.2,2,123.07574951668272,159.00368387823613,1
SeismoNet,collective,14.2,high,200Gbps-light,200,0.2,2,116.8074255092584,200.8717768684142,2
SeismoNet,collective,14.2,high,200Gbps-light,200,0.2,2,119.63181035350287,150.37707455878166,3
SeismoNet,collective,14.2,high,200Gbps-light,200,0.2,2,115.3583319403316,174.70010507771846,4
SeismoNet,collective,14.2,high,200Gbps-moderate,200,0.4,2,167.3486952126775,106.19253140815329,0
SeismoNet,collective,14.2,high,200Gbps-moderate,200,0.4,2,174.05452199470776,113.58581677882566,1
SeismoNet,collective,14.2,high,200Gbps-moderate,200,0.4,2,181.99267290368508,130.3684614308606,2
SeismoNet,collective,14.2,high,200Gbps-moderate,200,0.4,2,162.6843920400268,132.29775707265708,3
SeismoNet,collective,14.2,high,200Gbps-moderate,200,0.4,2,166.97082905243505,128.18662728117332,4
SeismoNet,collective,14.2,high,200Gbps-heavy,200,0.6,2,220.1508639202399,74.5833174080584,0
SeismoNet,collective,14.2,high,200Gbps-heavy,200,0.6,2,208.02513095248665,86.59174923251942,1
SeismoNet,collective,14.2,high,200Gbps-heavy,200,0.6,2,211.34355221696046,77.41664983525122,2
SeismoNet,collective,14.2,high,200Gbps-heavy,200,0.6,2,204.67663673267614,82.71103401979815,3
SeismoNet,collective,14.2,high,200Gbps-heavy,200,0.6,2,237.1075065783895,73.16778934877266,4
SeismoNet,collective,14.2,high,100Gbps-moderate,100,0.4,2,333.2155268961951,66.77865866599407,0
SeismoNet,collective,14.2,high,100Gbps-moderate,100,0.4,2,331.4872174738018,62.171384621998726,1
SeismoNet,collective,14.2,high,100Gbps-moderate,100,0.4,2,315.1336076956809,62.05587406659671,2
SeismoNet,collective,14.2,high,100Gbps-moderate,100,0.4,2,329.69830246515875,64.73150397926334,3
SeismoNet,collective,14.2,high,100Gbps-moderate,100,0.4,2,352.5713460143198,72.42990548168935,4
SeismoNet,collective,14.2,high,InfiniBand-200Gbps,200,0.15,2,108.80174715965332,174.43082990551747,0
SeismoNet,collective,14.2,high,InfiniBand-200Gbps,200,0.15,2,106.76498829361748,165.19693841777465,1
SeismoNet,collective,14.2,high,InfiniBand-200Gbps,200,0.15,2,107.52682315189524,165.9825408221092,2
SeismoNet,collective,14.2,high,InfiniBand-200Gbps,200,0.15,2,106.6279351662887,187.91932648426825,3
SeismoNet,collective,14.2,high,InfiniBand-200Gbps,200,0.15,2,100.41584979220443,185.50234843135502,4
SeismoNet,collective,14.2,high,Ethernet-100Gbps,100,0.35,2,328.86438015263815,64.38604365964639,0
SeismoNet,collective,14.2,high,Ethernet-100Gbps,100,0.35,2,275.8105441727653,61.83932566710895,1
SeismoNet,collective,14.2,high,Ethernet-100Gbps,100,0.35,2,328.55397592704986,64.88108607604582,2
SeismoNet,collective,14.2,high,Ethernet-100Gbps,100,0.35,2,293.1284404153526,62.375170409613276,3
SeismoNet,collective,14.2,high,Ethernet-100Gbps,100,0.35,2,321.5133738952203,67.84301455464717,4
SeismoNet,collective,14.2,high,Ethernet-50Gbps,50,0.5,2,753.5836928978744,24.266351176370623,0
SeismoNet,collective,14.2,high,Ethernet-50Gbps,50,0.5,2,747.75570730453,23.155179631002994,1
SeismoNet,collective,14.2,high,Ethernet-50Gbps,50,0.5,2,824.29728581424,24.35535906157732,2
SeismoNet,collective,14.2,high,Ethernet-50Gbps,50,0.5,2,809.1113674201521,28.042632103844902,3
SeismoNet,collective,14.2,high,Ethernet-50Gbps,50,0.5,2,800.7656646217557,24.136759374563905,4
Pangeo,collective,9.7,high,200Gbps-uncongested,200,0.0,2,48.31938034088504,199.61287029774536,0
Pangeo,collective,9.7,high,200Gbps-uncongested,200,0.0,2,45.22316698020453,205.18974850754566,1
Pangeo,collective,9.7,high,200Gbps-uncongested,200,0.0,2,44.57112158831785,219.002870215385,2
Pangeo,collective,9.7,high,200Gbps-uncongested,200,0.0,2,46.262991263722064,203.21855449396543,3
Pangeo,collective,9.7,high,200Gbps-uncongested,200,0.0,2,48.03415340673769,195.85752042073477,4
Pangeo,collective,9.7,high,200Gbps-light,200,0.2,2,82.87953632478694,153.92123319523168,0
Pangeo,collective,9.7,high,200Gbps-light,200,0.2,2,84.02531553590576,142.7714600928416,1
Pangeo,collective,9.7,high,200Gbps-light,200,0.2,2,81.02636700847665,184.81829118794604,2
Pangeo,collective,9.7,high,200Gbps-light,200,0.2,2,76.49036534600931,151.3248643772819,3
Pangeo,collective,9.7,high,200Gbps-light,200,0.2,2,82.58650889669813,162.29864680882685,4
Pangeo,collective,9.7,high,200Gbps-moderate,200,0.4,2,115.6647140407931,124.69619644941757,0
Pangeo,collective,9.7,high,200Gbps-moderate,200,0.4,2,117.27937397170851,130.65311848277975,1
Pangeo,collective,9.7,high,200Gbps-moderate,200,0.4,2,116.0011177571523,117.683926515662,2
Pangeo,collective,9.7,high,200Gbps-moderate,200,0.4,2,117.49451068457023,138.23886657499406,3
Pangeo,collective,9.7,high,200Gbps-moderate,200,0.4,2,112.91803866802094,110.64451867516183,4
Pangeo,collective,9.7,high,200Gbps-heavy,200,0.6,2,154.95359270641097,79.22956055069697,0
Pangeo,collective,9.7,high,200Gbps-heavy,200,0.6,2,130.87593426546823,85.4234987337627,1
Pangeo,collective,9.7,high,200Gbps-heavy,200,0.6,2,142.89616246297987,79.42058699325338,2
Pangeo,collective,9.7,high,200Gbps-heavy,200,0.6,2,149.26334192876226,81.21919795058602,3
Pangeo,collective,9.7,high,200Gbps-heavy,200,0.6,2,152.0344765970144,77.212887228353,4
Pangeo,collective,9.7,high,100Gbps-moderate,100,0.4,2,233.1763198152047,58.7541759475972,0
Pangeo,collective,9.7,high,100Gbps-moderate,100,0.4,2,235.74194726321346,62.95376392326266,1
Pangeo,collective,9.7,high,100Gbps-moderate,100,0.4,2,216.7104428791025,65.21271415764016,2
Pangeo,collective,9.7,high,100Gbps-moderate,100,0.4,2,221.2513530262427,63.878677431749495,3
Pangeo,collective,9.7,high,100Gbps-moderate,100,0.4,2,231.5187737578043,68.82328164861659,4
Pangeo,collective,9.7,high,InfiniBand-200Gbps,200,0.15,2,71.42196764056747,165.24929157279252,0
Pangeo,collective,9.7,high,InfiniBand-200Gbps,200,0.15,2,72.15887096677386,165.87675495345385,1
Pangeo,collective,9.7,high,InfiniBand-200Gbps,200,0.15,2,75.11795424425726,148.01817572526238,2
Pangeo,collective,9.7,high,InfiniBand-200Gbps,200,0.15,2,68.42368232782655,155.47788026652296,3
Pangeo,collective,9.7,high,InfiniBand-200Gbps,200,0.15,2,75.66099244488991,193.26434186711418,4
Pangeo,collective,9.7,high,Ethernet-100Gbps,100,0.35,2,209.66588122114987,64.12212703941195,0
Pangeo,collective,9.7,high,Ethernet-100Gbps,100,0.35,2,211.50483438007333,71.04176717356259,1
Pangeo,collective,9.7,high,Ethernet-100Gbps,100,0.35,2,200.99384813541596,66.23951871022088,2
Pangeo,collective,9.7,high,Ethernet-100Gbps,100,0.35,2,221.04355607655236,67.60568968368719,3
Pangeo,collective,9.7,high,Ethernet-100Gbps,100,0.35,2,212.7644752149621,70.20543968134913,4
Pangeo,collective,9.7,high,Ethernet-50Gbps,50,0.5,2,450.57742049242705,26.355750639061814,0
Pangeo,collective,9.7,high,Ethernet-50Gbps,50,0.5,2,503.9575499536875,21.338734206287086,1
Pangeo,collective,9.7,high,Ethernet-50Gbps,50,0.5,2,534.3128216233681,27.747317090325918,2
Pangeo,collective,9.7,high,Ethernet-50Gbps,50,0.5,2,517.4155867893617,26.905749094405877,3
Pangeo,collective,9.7,high,Ethernet-50Gbps,50,0.5,2,562.995627472507,27.629828907168097,4
DLRM,sparse,2.1,low,200Gbps-uncongested,200,0.0,1,11.094708376874982,211.87403985715028,0
DLRM,sparse,2.1,low,200Gbps-uncongested,200,0.0,1,10.292580723069666,174.3685470096453,1
DLRM,sparse,2.1,low,200Gbps-uncongested,200,0.0,1,10.127751165753688,186.50805447494093,2
DLRM,sparse,2.1,low,200Gbps-uncongested,200,0.0,1,11.36693840496714,197.1858270010826,3
DLRM,sparse,2.1,low,200Gbps-uncongested,200,0.0,1,10.317072776915873,208.82376601664748,4
DLRM,sparse,2.1,low,200Gbps-light,200,0.2,1,11.92046278304768,181.69665331751364,0
DLRM,sparse,2.1,low,200Gbps-light,200,0.2,1,11.524225135452852,162.4909754270367,1
DLRM,sparse,2.1,low,200Gbps-light,200,0.2,1,11.45296427081044,143.10371185637496,2
DLRM,sparse,2.1,low,200Gbps-light,200,0.2,1,11.53069592152215,159.52592899778034,3
DLRM,sparse,2.1,low,200Gbps-light,200,0.2,1,11.639213813739248,151.13701145761465,4
DLRM,sparse,2.1,low,200Gbps-moderate,200,0.4,1,12.583419919604902,119.20218650276453,0
DLRM,sparse,2.1,low,200Gbps-moderate,200,0.4,1,12.516824981246597,127.29653725142018,1
DLRM,sparse,2.1,low,200Gbps-moderate,200,0.4,1,13.590947996858993,106.00750560513667,2
DLRM,sparse,2.1,low,200Gbps-moderate,200,0.4,1,13.32589659141059,112.7792985063304,3
DLRM,sparse,2.1,low,200Gbps-moderate,200,0.4,1,13.751160093477043,132.8683242818222,4
DLRM,sparse,2.1,low,200Gbps-heavy,200,0.6,1,13.752920889731696,80.73616690654347,0
DLRM,sparse,2.1,low,200Gbps-heavy,200,0.6,1,15.054274236176484,84.29657648928298,1
DLRM,sparse,2.1,low,200Gbps-heavy,200,0.6,1,15.337552519668638,75.18739627687155,2
DLRM,sparse,2.1,low,200Gbps-heavy,200,0.6,1,14.933686613268591,74.90543451645766,3
DLRM,sparse,2.1,low,200Gbps-heavy,200,0.6,1,15.992243697940538,80.13639455150043,4
DLRM,sparse,2.1,low,100Gbps-moderate,100,0.4,1,29.64360379927116,59.70882809368982,0
DLRM,sparse,2.1,low,100Gbps-moderate,100,0.4,1,26.111472872130957,52.73417091545843,1
DLRM,sparse,2.1,low,100Gbps-moderate,100,0.4,1,24.62973477413014,52.39614747357365,2
DLRM,sparse,2.1,low,100Gbps-moderate,100,0.4,1,27.431872595997962,62.44188011150368,3
DLRM,sparse,2.1,low,100Gbps-moderate,100,0.4,1,24.930146178694788,64.29618390756535,4
DLRM,sparse,2.1,low,InfiniBand-200Gbps,200,0.15,1,11.206992286728651,171.99638496300346,0
DLRM,sparse,2.1,low,InfiniBand-200Gbps,200,0.15,1,12.410142313881046,182.19701469577126,1
DLRM,sparse,2.1,low,InfiniBand-200Gbps,200,0.15,1,11.330179667022826,157.8797857343521,2
DLRM,sparse,2.1,low,InfiniBand-200Gbps,200,0.15,1,10.24876225001794,160.21951485830309,3
DLRM,sparse,2.1,low,InfiniBand-200Gbps,200,0.15,1,11.363140058173162,156.5743584307439,4
DLRM,sparse,2.1,low,Ethernet-100Gbps,100,0.35,1,26.07772523069135,65.39962979138559,0
DLRM,sparse,2.1,low,Ethernet-100Gbps,100,0.35,1,25.954876523876898,61.61998657971801,1
DLRM,sparse,2.1,low,Ethernet-100Gbps,100,0.35,1,26.471359256956326,67.29809137776093,2
DLRM,sparse,2.1,low,Ethernet-100Gbps,100,0.35,1,24.818851210856266,72.33684837468061,3
DLRM,sparse,2.1,low,Ethernet-100Gbps,100,0.35,1,26.12060307637691,65.0980180393132,4
DLRM,sparse,2.1,low,Ethernet-50Gbps,50,0.5,1,59.455225004271746,25.466432262527007,0
DLRM,sparse,2.1,low,Ethernet-50Gbps,50,0.5,1,60.15841963252435,25.57424833040365,1
DLRM,sparse,2.1,low,Ethernet-50Gbps,50,0.5,1,55.66350988140342,25.723007050412207,2
DLRM,sparse,2.1,low,Ethernet-50Gbps,50,0.5,1,54.13812983445044,25.217119411553046,3
DLRM,sparse,2.1,low,Ethernet-50Gbps,50,0.5,1,57.32646858154812,24.58376628545492,4
Wide & Deep,sparse,1.8,low,200Gbps-uncongested,200,0.0,0,8.73257628891844,169.89041527203776,0
Wide & Deep,sparse,1.8,low,200Gbps-uncongested,200,0.0,0,8.547923624527899,201.48551841825784,1
Wide & Deep,sparse,1.8,low,200Gbps-uncongested,200,0.0,0,8.859311891014482,183.55719774518465,2
Wide & Deep,sparse,1.8,low,200Gbps-uncongested,200,0.0,0,9.345281766004994,186.141202428568,3
Wide & Deep,sparse,1.8,low,200Gbps-uncongested,200,0.0,0,9.215093496325226,206.83510978994696,4
Wide & Deep,sparse,1.8,low,200Gbps-light,200,0.2,0,9.865888031505406,182.72397942540175,0
Wide & Deep,sparse,1.8,low,200Gbps-light,200,0.2,0,9.58683747443664,171.76517342220802,1
Wide & Deep,sparse,1.8,low,200Gbps-light,200,0.2,0,10.70537497072113,151.41606132381895,2
Wide & Deep,sparse,1.8,low,200Gbps-light,200,0.2,0,10.905143443978107,156.7994046131334,3
Wide & Deep,sparse,1.8,low,200Gbps-light,200,0.2,0,10.342478588363367,163.33211953627165,4
Wide & Deep,sparse,1.8,low,200Gbps-moderate,200,0.4,0,11.523652937076655,127.78375942233392,0
Wide & Deep,sparse,1.8,low,200Gbps-moderate,200,0.4,0,12.061847949226577,103.21409305691347,1
Wide & Deep,sparse,1.8,low,200Gbps-moderate,200,0.4,0,12.358181742450805,104.04007691485752,2
Wide & Deep,sparse,1.8,low,200Gbps-moderate,200,0.4,0,12.200519966190374,130.81636931354478,3
Wide & Deep,sparse,1.8,low,200Gbps-moderate,200,0.4,0,10.968716738722824,116.05618283563598,4
Wide & Deep,sparse,1.8,low,200Gbps-heavy,200,0.6,0,12.288672549598013,78.6245054061521,0
Wide & Deep,sparse,1.8,low,200Gbps-heavy,200,0.6,0,12.807469889387008,84.98982740652379,1
Wide & Deep,sparse,1.8,low,200Gbps-heavy,200,0.6,0,13.8600250243317,88.93237638905572,2
Wide & Deep,sparse,1.8,low,200Gbps-heavy,200,0.6,0,12.642183685838722,78.66098000803503,3
Wide & Deep,sparse,1.8,low,200Gbps-heavy,200,0.6,0,11.912920082012546,74.84243157442438,4
Wide & Deep,sparse,1.8,low,100Gbps-moderate,100,0.4,0,24.32250365246072,67.75479755303151,0
Wide & Deep,sparse,1.8,low,100Gbps-moderate,100,0.4,0,21.77108744160806,57.156171556066106,1
Wide & Deep,sparse,1.8,low,100Gbps-moderate,100,0.4,0,23.172490196028118,61.344773562334105,2
Wide & Deep,sparse,1.8,low,100Gbps-moderate,100,0.4,0,22.263858416340902,62.035493013427626,3
Wide & Deep,sparse,1.8,low,100Gbps-moderate,100,0.4,0,22.65339731999976,59.93062909978426,4
Wide & Deep,sparse,1.8,low,InfiniBand-200Gbps,200,0.15,0,10.112624278314323,170.08734286942877,0
Wide & Deep,sparse,1.8,low,InfiniBand-200Gbps,200,0.15,0,9.628966319506455,168.5093066666087,1
Wide & Deep,sparse,1.8,low,InfiniBand-200Gbps,200,0.15,0,9.800258856016127,164.96784999360307,2
Wide & Deep,sparse,1.8,low,InfiniBand-200Gbps,200,0.15,0,9.716373812906038,191.74160151886414,3
Wide & Deep,sparse,1.8,low,InfiniBand-200Gbps,200,0.15,0,10.119827540783579,165.9814676748034,4
Wide & Deep,sparse,1.8,low,Ethernet-100Gbps,100,0.35,0,23.28407370507458,63.26413865326875,0
Wide & Deep,sparse,1.8,low,Ethernet-100Gbps,100,0.35,0,23.81976521728497,66.9221393994301,1
Wide & Deep,sparse,1.8,low,Ethernet-100Gbps,100,0.35,0,22.379285087995243,67.32812801421343,2
Wide & Deep,sparse,1.8,low,Ethernet-100Gbps,100,0.35,0,20.73276432892294,59.14080916166902,3
Wide & Deep,sparse,1.8,low,Ethernet-100Gbps,100,0.35,0,21.156834367801064,65.74330409277127,4
Wide & Deep,sparse,1.8,low,Ethernet-50Gbps,50,0.5,0,53.482361131545346,29.462600292385265,0
Wide & Deep,sparse,1.8,low,Ethernet-50Gbps,50,0.5,0,50.78895388245186,26.001688949888912,1
Wide & Deep,sparse,1.8,low,Ethernet-50Gbps,50,0.5,0,44.78645948235849,23.914652400531956,2
Wide & Deep,sparse,1.8,low,Ethernet-50Gbps,50,0.5,0,47.280063423038314,23.75830480349777,3
Wide & Deep,sparse,1.8,low,Ethernet-50Gbps,50,0.5,0,48.80495857145149,24.055818844605746,4
NCF,sparse,1.5,low,200Gbps-uncongested,200,0.0,0,6.5993775108487105,211.96656409788056,0
NCF,sparse,1.5,low,200Gbps-uncongested,200,0.0,0,6.931368520847239,203.8279498257784,1
NCF,sparse,1.5,low,200Gbps-uncongested,200,0.0,0,8.08377050894164,185.28984653461723,2
NCF,sparse,1.5,low,200Gbps-uncongested,200,0.0,0,6.397599784150514,195.42393244991823,3
NCF,sparse,1.5,low,200Gbps-uncongested,200,0.0,0,7.727402210082484,231.3335592675295,4
NCF,sparse,1.5,low,200Gbps-light,200,0.2,0,7.973775318762891,166.35775005742747,0
NCF,sparse,1.5,low,200Gbps-light,200,0.2,0,8.29842768681707,158.64386106490707,1
NCF,sparse,1.5,low,200Gbps-light,200,0.2,0,9.619423199172276,140.76197979654205,2
NCF,sparse,1.5,low,200Gbps-light,200,0.2,0,8.60388354760756,165.98647259859752,3
NCF,sparse,1.5,low,200Gbps-light,200,0.2,0,8.957340870457635,161.25418436442746,4
NCF,sparse,1.5,low,200Gbps-moderate,200,0.4,0,9.816879899467315,116.2401737527508,0
NCF,sparse,1.5,low,200Gbps-moderate,200,0.4,0,9.79806429288704,116.70535415522487,1
NCF,sparse,1.5,low,200Gbps-moderate,200,0.4,0,9.968435630350337,116.45174077398111,2
NCF,sparse,1.5,low,200Gbps-moderate,200,0.4,0,9.850258491192951,119.71907698862421,3
NCF,sparse,1.5,low,200Gbps-moderate,200,0.4,0,10.21229968176975,119.50662025355054,4
NCF,sparse,1.5,low,200Gbps-heavy,200,0.6,0,9.87887400404803,88.07629760456955,0
NCF,sparse,1.5,low,200Gbps-heavy,200,0.6,0,10.34894391896606,75.81589543264755,1
NCF,sparse,1.5,low,200Gbps-heavy,200,0.6,0,10.516999982232287,88.79640379629323,2
NCF,sparse,1.5,low,200Gbps-heavy,200,0.6,0,9.682325010978344,100.08159061542398,3
NCF,sparse,1.5,low,200Gbps-heavy,200,0.6,0,11.412218290069978,81.42872905042663,4
NCF,sparse,1.5,low,100Gbps-moderate,100,0.4,0,19.28286615174793,61.370659559316756,0
NCF,sparse,1.5,low,100Gbps-moderate,100,0.4,0,19.839757035249555,63.097034812560274,1
NCF,sparse,1.5,low,100Gbps-moderate,100,0.4,0,19.873094161468178,60.4299872700252,2
NCF,sparse,1.5,low,100Gbps-moderate,100,0.4,0,19.14515133192944,59.273888238463144,3
NCF,sparse,1.5,low,100Gbps-moderate,100,0.4,0,19.147500783643405,65.4420964649619,4
NCF,sparse,1.5,low,InfiniBand-200Gbps,200,0.15,0,8.44657599937301,130.0107145685658,0
NCF,sparse,1.5,low,InfiniBand-200Gbps,200,0.15,0,8.472146802873535,172.64841224817533,1
NCF,sparse,1.5,low,InfiniBand-200Gbps,200,0.15,0,8.195451486613987,164.71614903799116,2
NCF,sparse,1.5,low,InfiniBand-200Gbps,200,0.15,0,8.664186857806763,182.88635988487087,3
NCF,sparse,1.5,low,InfiniBand-200Gbps,200,0.15,0,7.886124394056723,175.53591110489367,4
NCF,sparse,1.5,low,Ethernet-100Gbps,100,0.35,0,17.839071811367543,57.825985543097566,0
NCF,sparse,1.5,low,Ethernet-100Gbps,100,0.35,0,18.162452601946907,69.48444605639034,1
NCF,sparse,1.5,low,Ethernet-100Gbps,100,0.35,0,19.643554730040083,67.66804418450592,2
NCF,sparse,1.5,low,Ethernet-100Gbps,100,0.35,0,19.42977730017,67.68412709299778,3
NCF,sparse,1.5,low,Ethernet-100Gbps,100,0.35,0,18.148611004478482,67.24599723230449,4
NCF,sparse,1.5,low,Ethernet-50Gbps,50,0.5,0,42.65708984665833,26.50858265962715,0
NCF,sparse,1.5,low,Ethernet-50Gbps,50,0.5,0,43.45382625009448,26.416607694402128,1
NCF,sparse,1.5,low,Ethernet-50Gbps,50,0.5,0,41.736368394372384,27.140300476632856,2
NCF,sparse,1.5,low,Ethernet-50Gbps,50,0.5,0,40.96123569880564,23.236250697544563,3
NCF,sparse,1.5,low,Ethernet-50Gbps,50,0.5,0,40.681210327849705,23.510194710387104,4
DeepFM,sparse,2.3,low,200Gbps-uncongested,200,0.0,1,10.851340324111066,197.6877012685517,0
DeepFM,sparse,2.3,low,200Gbps-uncongested,200,0.0,1,10.785506392016623,195.07261552577535,1
DeepFM,sparse,2.3,low,200Gbps-uncongested,200,0.0,1,10.167159732911692,203.41269931796703,2
DeepFM,sparse,2.3,low,200Gbps-uncongested,200,0.0,1,11.231145652669218,186.92658190290894,3
DeepFM,sparse,2.3,low,200Gbps-uncongested,200,0.0,1,11.60065064389515,215.00112220202493,4
DeepFM,sparse,2.3,low,200Gbps-light,200,0.2,1,11.980232002408101,150.23712283435248,0
DeepFM,sparse,2.3,low,200Gbps-light,200,0.2,1,12.526349660831908,147.96924030580652,1
DeepFM,sparse,2.3,low,200Gbps-light,200,0.2,1,13.567636444891091,157.51902542370811,2
DeepFM,sparse,2.3,low,200Gbps-light,200,0.2,1,12.855047461763501,134.35056173559354,3
DeepFM,sparse,2.3,low,200Gbps-light,200,0.2,1,13.441234205224175,144.13749254587555,4
DeepFM,sparse,2.3,low,200Gbps-moderate,200,0.4,1,14.868641471066548,122.66281860439865,0
DeepFM,sparse,2.3,low,200Gbps-moderate,200,0.4,1,15.832753783439001,107.43532416845652,1
DeepFM,sparse,2.3,low,200Gbps-moderate,200,0.4,1,12.5861233141914,121.76495562963547,2
DeepFM,sparse,2.3,low,200Gbps-moderate,200,0.4,1,16.158777330826894,131.89388498821862,3
DeepFM,sparse,2.3,low,200Gbps-moderate,200,0.4,1,14.979620601751407,115.28029261793235,4
DeepFM,sparse,2.3,low,200Gbps-heavy,200,0.6,1,17.29185676732261,73.7693043218914,0
DeepFM,sparse,2.3,low,200Gbps-heavy,200,0.6,1,17.016973107150527,83.2350090186664,1
DeepFM,sparse,2.3,low,200Gbps-heavy,200,0.6,1,17.502186163360886,97.6618242490309,2
DeepFM,sparse,2.3,low,200Gbps-heavy,200,0.6,1,16.947212878973758,76.74263279547202,3
DeepFM,sparse,2.3,low,200Gbps-heavy,200,0.6,1,16.599840097973257,68.67791420870964,4
DeepFM,sparse,2.3,low,100Gbps-moderate,100,0.4,1,28.61857955762384,58.035444297057104,0
DeepFM,sparse,2.3,low,100Gbps-moderate,100,0.4,1,28.871517394468057,60.73130338576186,1
DeepFM,sparse,2.3,low,100Gbps-moderate,100,0.4,1,28.429264201800603,65.38094720315746,2
DeepFM,sparse,2.3,low,100Gbps-moderate,100,0.4,1,29.648744457564284,59.95535845853459,3
DeepFM,sparse,2.3,low,100Gbps-moderate,100,0.4,1,29.162359199544326,60.7449152825231,4
DeepFM,sparse,2.3,low,InfiniBand-200Gbps,200,0.15,1,13.097034455513631,158.20702906633176,0
DeepFM,sparse,2.3,low,InfiniBand-200Gbps,200,0.15,1,12.164231426792515,165.86932600863736,1
DeepFM,sparse,2.3,low,InfiniBand-200Gbps,200,0.15,1,11.731698364534424,158.85809310778762,2
DeepFM,sparse,2.3,low,InfiniBand-200Gbps,200,0.15,1,12.278626716247306,181.8916928576931,3
DeepFM,sparse,2.3,low,InfiniBand-200Gbps,200,0.15,1,12.74325146081762,172.6328227945986,4
DeepFM,sparse,2.3,low,Ethernet-100Gbps,100,0.35,1,29.97316582061646,64.28566670032313,0
DeepFM,sparse,2.3,low,Ethernet-100Gbps,100,0.35,1,29.31129322177278,64.46324688475102,1
DeepFM,sparse,2.3,low,Ethernet-100Gbps,100,0.35,1,29.131458377261964,61.969654980419776,2
DeepFM,sparse,2.3,low,Ethernet-100Gbps,100,0.35,1,25.244200334977634,64.30174835663122,3
DeepFM,sparse,2.3,low,Ethernet-100Gbps,100,0.35,1,30.795200445643665,69.81632009165628,4
DeepFM,sparse,2.3,low,Ethernet-50Gbps,50,0.5,1,65.92634755896833,27.47226144361243,0
DeepFM,sparse,2.3,low,Ethernet-50Gbps,50,0.5,1,63.169411565327955,25.39463141481119,1
DeepFM,sparse,2.3,low,Ethernet-50Gbps,50,0.5,1,60.94839931318495,24.3678542879459,2
DeepFM,sparse,2.3,low,Ethernet-50Gbps,50,0.5,1,64.82693662330378,27.407768874337634,3
DeepFM,sparse,2.3,low,Ethernet-50Gbps,50,0.5,1,62.452131828424974,24.099621470297176,4
XGBoost-distributed,sparse,0.9,medium,200Gbps-uncongested,200,0.0,0,4.394647256584702,209.61930798286582,0
XGBoost-distributed,sparse,0.9,medium,200Gbps-uncongested,200,0.0,0,4.077277994501907,163.2611047498042,1
XGBoost-distributed,sparse,0.9,medium,200Gbps-uncongested,200,0.0,0,4.273563680531635,180.46860118537347,2
XGBoost-distributed,sparse,0.9,medium,200Gbps-uncongested,200,0.0,0,4.282879351102886,197.63551489892046,3
XGBoost-distributed,sparse,0.9,medium,200Gbps-uncongested,200,0.0,0,4.29494053512678,223.2394805515319,4
XGBoost-distributed,sparse,0.9,medium,200Gbps-light,200,0.2,0,6.252856055517315,163.8460718030186,0
XGBoost-distributed,sparse,0.9,medium,200Gbps-light,200,0.2,0,6.343745361693038,145.42293609240616,1
XGBoost-distributed,sparse,0.9,medium,200Gbps-light,200,0.2,0,6.471992395544321,159.0302171323461,2
XGBoost-distributed,sparse,0.9,medium,200Gbps-light,200,0.2,0,6.358595111749006,146.28022741708602,3
XGBoost-distributed,sparse,0.9,medium,200Gbps-light,200,0.2,0,5.674380848344668,170.46898762272036,4
XGBoost-distributed,sparse,0.9,medium,200Gbps-moderate,200,0.4,0,8.05902915827099,111.3403050781679,0
XGBoost-distributed,sparse,0.9,medium,200Gbps-moderate,200,0.4,0,7.566197707113036,130.80417393038178,1
XGBoost-distributed,sparse,0.9,medium,200Gbps-moderate,200,0.4,0,7.439734554090559,135.76966035125724,2
XGBoost-distributed,sparse,0.9,medium,200Gbps-moderate,200,0.4,0,7.553953713347279,126.12856248584049,3
XGBoost-distributed,sparse,0.9,medium,200Gbps-moderate,200,0.4,0,7.780185075509435,125.7905993383905,4
XGBoost-distributed,sparse,0.9,medium,200Gbps-heavy,200,0.6,0,9.404944891556127,78.95812540113732,0
XGBoost-distributed,sparse,0.9,medium,200Gbps-heavy,200,0.6,0,9.68774901545008,73.58600028299858,1
XGBoost-distributed,sparse,0.9,medium,200Gbps-heavy,200,0.6,0,10.026082081038048,76.71543317458186,2
XGBoost-distributed,sparse,0.9,medium,200Gbps-heavy,200,0.6,0,9.557463908112004,73.63616400250552,3
XGBoost-distributed,sparse,0.9,medium,200Gbps-heavy,200,0.6,0,8.42934066298469,78.77742231935892,4
XGBoost-distributed,sparse,0.9,medium,100Gbps-moderate,100,0.4,0,17.728728995611778,63.76610058191052,0
XGBoost-distributed,sparse,0.9,medium,100Gbps-moderate,100,0.4,0,15.80507723868666,58.73812401980032,1
XGBoost-distributed,sparse,0.9,medium,100Gbps-moderate,100,0.4,0,15.838083372243904,62.626171752841,2
XGBoost-distributed,sparse,0.9,medium,100Gbps-moderate,100,0.4,0,14.886271112890464,65.34874413441058,3
XGBoost-distributed,sparse,0.9,medium,100Gbps-moderate,100,0.4,0,16.386190298347078,63.44729148339808,4
XGBoost-distributed,sparse,0.9,medium,InfiniBand-200Gbps,200,0.15,0,5.838138821876803,170.26678654463828,0
XGBoost-distributed,sparse,0.9,medium,InfiniBand-200Gbps,200,0.15,0,5.9050897573440375,178.04867221888273,1
XGBoost-distributed,sparse,0.9,medium,InfiniBand-200Gbps,200,0.15,0,5.611760832079835,162.19901588860216,2
XGBoost-distributed,sparse,0.9,medium,InfiniBand-200Gbps,200,0.15,0,5.741985318714971,191.06667406033455,3
XGBoost-distributed,sparse,0.9,medium,InfiniBand-200Gbps,200,0.15,0,5.358946465206284,150.04165638576683,4
XGBoost-distributed,sparse,0.9,medium,Ethernet-100Gbps,100,0.35,0,15.064494183150327,65.2646160496513,0
XGBoost-distributed,sparse,0.9,medium,Ethernet-100Gbps,100,0.35,0,15.070904661370472,66.2685566291242,1
XGBoost-distributed,sparse,0.9,medium,Ethernet-100Gbps,100,0.35,0,14.774658471879272,72.74728988073083,2
XGBoost-distributed,sparse,0.9,medium,Ethernet-100Gbps,100,0.35,0,13.745418414517056,60.69181547114272,3
XGBoost-distributed,sparse,0.9,medium,Ethernet-100Gbps,100,0.35,0,14.864267684068338,56.45541818199833,4
XGBoost-distributed,sparse,0.9,medium,Ethernet-50Gbps,50,0.5,0,34.84713092970925,28.32294033145604,0
XGBoost-distributed,sparse,0.9,medium,Ethernet-50Gbps,50,0.5,0,35.192964530207746,25.46140181143737,1
XGBoost-distributed,sparse,0.9,medium,Ethernet-50Gbps,50,0.5,0,32.94111662372008,23.767277183921045,2
XGBoost-distributed,sparse,0.9,medium,Ethernet-50Gbps,50,0.5,0,34.49672511271183,24.36456980648753,3
XGBoost-distributed,sparse,0.9,medium,Ethernet-50Gbps,50,0.5,0,37.40913948340506,26.11538212145025,4
LightGBM,sparse,0.7,medium,200Gbps-uncongested,200,0.0,0,3.228022321812519,203.94407645491208,0
LightGBM,sparse,0.7,medium,200Gbps-uncongested,200,0.0,0,3.5031140683466186,218.24238461634025,1
LightGBM,sparse,0.7,medium,200Gbps-uncongested,200,0.0,0,3.6880806837397127,183.7584929307541,2
LightGBM,sparse,0.7,medium,200Gbps-uncongested,200,0.0,0,3.279394468299014,179.87875425736615,3
LightGBM,sparse,0.7,medium,200Gbps-uncongested,200,0.0,0,3.3779751217346465,207.46173399114136,4
LightGBM,sparse,0.7,medium,200Gbps-light,200,0.2,0,5.021383746644853,159.0278268973757,0
LightGBM,sparse,0.7,medium,200Gbps-light,200,0.2,0,4.708630231252503,161.94250230078387,1
LightGBM,sparse,0.7,medium,200Gbps-light,200,0.2,0,4.585341786231098,186.7460956376931,2
LightGBM,sparse,0.7,medium,200Gbps-light,200,0.2,0,4.40051078941023,162.3646794098653,3
LightGBM,sparse,0.7,medium,200Gbps-light,200,0.2,0,5.269319847374279,160.087038010368,4
LightGBM,sparse,0.7,medium,200Gbps-moderate,200,0.4,0,6.093884476537626,116.56852394101989,0
LightGBM,sparse,0.7,medium,200Gbps-moderate,200,0.4,0,6.096852168207853,133.1793453568947,1
LightGBM,sparse,0.7,medium,200Gbps-moderate,200,0.4,0,5.4719370096984425,134.72096353244473,2
LightGBM,sparse,0.7,medium,200Gbps-moderate,200,0.4,0,5.714310055642778,117.44013763934962,3
LightGBM,sparse,0.7,medium,200Gbps-moderate,200,0.4,0,6.020300788677657,125.65011138979891,4
LightGBM,sparse,0.7,medium,200Gbps-heavy,200,0.6,0,6.918673949731209,82.95790506292443,0
LightGBM,sparse,0.7,medium,200Gbps-heavy,200,0.6,0,8.280624223599062,71.27568637060601,1
LightGBM,sparse,0.7,medium,200Gbps-heavy,200,0.6,0,7.590856322783206,75.7633140621017,2
LightGBM,sparse,0.7,medium,200Gbps-heavy,200,0.6,0,7.679654857797187,80.12254577546081,3
LightGBM,sparse,0.7,medium,200Gbps-heavy,200,0.6,0,7.278347207048771,83.12238262317487,4
LightGBM,sparse,0.7,medium,100Gbps-moderate,100,0.4,0,13.414784481607079,59.08366179970897,0
LightGBM,sparse,0.7,medium,100Gbps-moderate,100,0.4,0,12.747507327688822,53.79228980221841,1
LightGBM,sparse,0.7,medium,100Gbps-moderate,100,0.4,0,11.716254963481108,62.26755013382581,2
LightGBM,sparse,0.7,medium,100Gbps-moderate,100,0.4,0,13.217766697243807,61.70694407417117,3
LightGBM,sparse,0.7,medium,100Gbps-moderate,100,0.4,0,12.112083438252355,59.9965987460321,4
LightGBM,sparse,0.7,medium,InfiniBand-200Gbps,200,0.15,0,4.165558828634658,178.221408438433,0
LightGBM,sparse,0.7,medium,InfiniBand-200Gbps,200,0.15,0,4.63938551921736,163.8515714734701,1
LightGBM,sparse,0.7,medium,InfiniBand-200Gbps,200,0.15,0,4.338931065805384,173.61594392326785,2
LightGBM,sparse,0.7,medium,InfiniBand-200Gbps,200,0.15,0,4.346334238330825,169.1005964410888,3
LightGBM,sparse,0.7,medium,InfiniBand-200Gbps,200,0.15,0,4.909850299839241,166.64045046985444,4
LightGBM,sparse,0.7,medium,Ethernet-100Gbps,100,0.35,0,11.412878524948606,61.63278261069717,0
LightGBM,sparse,0.7,medium,Ethernet-100Gbps,100,0.35,0,12.053509983439906,64.05763429926587,1
LightGBM,sparse,0.7,medium,Ethernet-100Gbps,100,0.35,0,11.243772502147218,71.87078096781967,2
LightGBM,sparse,0.7,medium,Ethernet-100Gbps,100,0.35,0,12.445960730161733,61.87779745815873,3
LightGBM,sparse,0.7,medium,Ethernet-100Gbps,100,0.35,0,10.536531961855891,70.23907118715199,4
LightGBM,sparse,0.7,medium,Ethernet-50Gbps,50,0.5,0,26.407732660093746,26.58125119832554,0
LightGBM,sparse,0.7,medium,Ethernet-50Gbps,50,0.5,0,24.650248686722097,26.785194676598618,1
LightGBM,sparse,0.7,medium,Ethernet-50Gbps,50,0.5,0,25.687850877936434,26.46152823813305,2
LightGBM,sparse,0.7,medium,Ethernet-50Gbps,50,0.5,0,27.363263959932624,23.09212116120671,3
LightGBM,sparse,0.7,medium,Ethernet-50Gbps,50,0.5,0,26.787255040920417,26.3726369139134,4
CatBoost,sparse,1.1,medium,200Gbps-uncongested,200,0.0,0,5.3995322017643455,209.35060768755974,0
CatBoost,sparse,1.1,medium,200Gbps-uncongested,200,0.0,0,5.901876133536873,174.9721342126232,1
CatBoost,sparse,1.1,medium,200Gbps-uncongested,200,0.0,0,5.80540376769177,201.6696950003714,2
CatBoost,sparse,1.1,medium,200Gbps-uncongested,200,0.0,0,5.1297210807725975,178.71498198817616,3
CatBoost,sparse,1.1,medium,200Gbps-uncongested,200,0.0,0,5.3203045825549955,214.74640179079137,4
CatBoost,sparse,1.1,medium,200Gbps-light,200,0.2,0,7.4715757701705545,179.34278310716604,0
CatBoost,sparse,1.1,medium,200Gbps-light,200,0.2,0,6.973923202470849,159.8452614675705,1
CatBoost,sparse,1.1,medium,200Gbps-light,200,0.2,0,7.04866066787202,164.6544880975996,2
CatBoost,sparse,1.1,medium,200Gbps-light,200,0.2,0,7.8529801222533795,154.61424904088253,3
CatBoost,sparse,1.1,medium,200Gbps-light,200,0.2,0,6.540407876170462,162.54653627899512,4
CatBoost,sparse,1.1,medium,200Gbps-moderate,200,0.4,0,9.87908748350399,123.8812296476323,0
CatBoost,sparse,1.1,medium,200Gbps-moderate,200,0.4,0,10.265343930617155,109.71788467536913,1
CatBoost,sparse,1.1,medium,200Gbps-moderate,200,0.4,0,9.996784152537083,131.44807211978855,2
CatBoost,sparse,1.1,medium,200Gbps-moderate,200,0.4,0,8.80820229093435,123.06865752882217,3
CatBoost,sparse,1.1,medium,200Gbps-moderate,200,0.4,0,9.424249007471877,119.2173823382242,4
CatBoost,sparse,1.1,medium,200Gbps-heavy,200,0.6,0,12.021820578653024,76.88173718967326,0
CatBoost,sparse,1.1,medium,200Gbps-heavy,200,0.6,0,11.417184191510962,80.21857547192337,1
CatBoost,sparse,1.1,medium,200Gbps-heavy,200,0.6,0,11.174039264636725,73.05071917513482,2
CatBoost,sparse,1.1,medium,200Gbps-heavy,200,0.6,0,12.217793785340515,72.64771817498459,3
CatBoost,sparse,1.1,medium,200Gbps-heavy,200,0.6,0,12.21007721000984,82.96058427426529,4
CatBoost,sparse,1.1,medium,100Gbps-moderate,100,0.4,0,17.667432947751276,56.74768966878886,0
CatBoost,sparse,1.1,medium,100Gbps-moderate,100,0.4,0,20.490398739274315,55.290405450529526,1
CatBoost,sparse,1.1,medium,100Gbps-moderate,100,0.4,0,18.886952910462604,62.21789228760911,2
CatBoost,sparse,1.1,medium,100Gbps-moderate,100,0.4,0,20.09331699627907,58.79261334698642,3
CatBoost,sparse,1.1,medium,100Gbps-moderate,100,0.4,0,18.75826651099148,66.82737533615284,4
CatBoost,sparse,1.1,medium,InfiniBand-200Gbps,200,0.15,0,7.5895084275465186,183.3124694906324,0
CatBoost,sparse,1.1,medium,InfiniBand-200Gbps,200,0.15,0,7.012208238249019,159.0075861856834,1
CatBoost,sparse,1.1,medium,InfiniBand-200Gbps,200,0.15,0,6.692496215484402,177.1061918316143,2
CatBoost,sparse,1.1,medium,InfiniBand-200Gbps,200,0.15,0,7.128493519499711,189.06174086407142,3
CatBoost,sparse,1.1,medium,InfiniBand-200Gbps,200,0.15,0,7.209507722736006,149.55810789606647,4
CatBoost,sparse,1.1,medium,Ethernet-100Gbps,100,0.35,0,19.222237326729424,59.81008473796505,0
CatBoost,sparse,1.1,medium,Ethernet-100Gbps,100,0.35,0,17.91111998117632,66.30104107250881,1
CatBoost,sparse,1.1,medium,Ethernet-100Gbps,100,0.35,0,20.083934670847665,81.17157649122788,2
CatBoost,sparse,1.1,medium,Ethernet-100Gbps,100,0.35,0,18.81570904325423,64.04737758265398,3
CatBoost,sparse,1.1,medium,Ethernet-100Gbps,100,0.35,0,18.74976834114191,69.61580821454396,4
CatBoost,sparse,1.1,medium,Ethernet-50Gbps,50,0.5,0,42.279815648216974,28.590422711824644,0
CatBoost,sparse,1.1,medium,Ethernet-50Gbps,50,0.5,0,43.46304264670027,25.995486178182787,1
CatBoost,sparse,1.1,medium,Ethernet-50Gbps,50,0.5,0,44.39944663527325,25.84317322122891,2
CatBoost,sparse,1.1,medium,Ethernet-50Gbps,50,0.5,0,44.771161231477684,23.765493626906153,3
CatBoost,sparse,1.1,medium,Ethernet-50Gbps,50,0.5,0,41.769273575506574,22.79969153405661,4
RandomForest,sparse,0.5,low,200Gbps-uncongested,200,0.0,0,2.4950563025659456,212.46298405619385,0
RandomForest,sparse,0.5,low,200Gbps-uncongested,200,0.0,0,2.4972867268251813,226.7918789335606,1
RandomForest,sparse,0.5,low,200Gbps-uncongested,200,0.0,0,2.4407231422327826,210.69986648948017,2
RandomForest,sparse,0.5,low,200Gbps-uncongested,200,0.0,0,2.30814198289315,193.80640476040958,3
RandomForest,sparse,0.5,low,200Gbps-uncongested,200,0.0,0,2.5263107614216036,213.58563377189031,4
RandomForest,sparse,0.5,low,200Gbps-light,200,0.2,0,2.7904050708873966,159.08352957621676,0
RandomForest,sparse,0.5,low,200Gbps-light,200,0.2,0,2.6170979557922687,155.4300262296754,1
RandomForest,sparse,0.5,low,200Gbps-light,200,0.2,0,2.9581108971780954,167.36262420616407,2
RandomForest,sparse,0.5,low,200Gbps-light,200,0.2,0,2.9029262984377695,160.63710319591627,3
RandomForest,sparse,0.5,low,200Gbps-light,200,0.2,0,2.8330314042979357,151.54788941473987,4
RandomForest,sparse,0.5,low,200Gbps-moderate,200,0.4,0,3.335260438802166,124.04134026613814,0
RandomForest,sparse,0.5,low,200Gbps-moderate,200,0.4,0,3.30193663078009,114.95006551039123,1
RandomForest,sparse,0.5,low,200Gbps-moderate,200,0.4,0,2.875682049044184,130.5326660328355,2
RandomForest,sparse,0.5,low,200Gbps-moderate,200,0.4,0,3.1454998239830205,111.71735266518604,3
RandomForest,sparse,0.5,low,200Gbps-moderate,200,0.4,0,3.3343984574861416,116.23667865677635,4
RandomForest,sparse,0.5,low,200Gbps-heavy,200,0.6,0,3.804773663133423,83.94883807729087,0
RandomForest,sparse,0.5,low,200Gbps-heavy,200,0.6,0,3.736777660929774,71.25788344831659,1
RandomForest,sparse,0.5,low,200Gbps-heavy,200,0.6,0,3.8322359739223475,81.67200339989668,2
RandomForest,sparse,0.5,low,200Gbps-heavy,200,0.6,0,3.546566141835403,80.91768619099041,3
RandomForest,sparse,0.5,low,200Gbps-heavy,200,0.6,0,3.292379376868956,82.61537799347629,4
RandomForest,sparse,0.5,low,100Gbps-moderate,100,0.4,0,6.113581447558512,53.50718262795104,0
RandomForest,sparse,0.5,low,100Gbps-moderate,100,0.4,0,5.9547084653789994,65.34090419995164,1
RandomForest,sparse,0.5,low,100Gbps-moderate,100,0.4,0,6.242522539141972,67.36189300759919,2
RandomForest,sparse,0.5,low,100Gbps-moderate,100,0.4,0,6.272642106633536,51.804681803553855,3
RandomForest,sparse,0.5,low,100Gbps-moderate,100,0.4,0,6.085495053532171,65.9318957760333,4
RandomForest,sparse,0.5,low,InfiniBand-200Gbps,200,0.15,0,2.7130607959852213,162.54329276772782,0
RandomForest,sparse,0.5,low,InfiniBand-200Gbps,200,0.15,0,2.756252491815811,176.8242452118786,1
RandomForest,sparse,0.5,low,InfiniBand-200Gbps,200,0.15,0,2.887144369361665,189.6995895265438,2
RandomForest,sparse,0.5,low,InfiniBand-200Gbps,200,0.15,0,2.685187880458524,151.96575146928427,3
RandomForest,sparse,0.5,low,InfiniBand-200Gbps,200,0.15,0,2.6778465600026773,173.53981488952724,4
RandomForest,sparse,0.5,low,Ethernet-100Gbps,100,0.35,0,5.948825335559184,60.022815242545775,0
RandomForest,sparse,0.5,low,Ethernet-100Gbps,100,0.35,0,6.3574337129843395,64.74700777183365,1
RandomForest,sparse,0.5,low,Ethernet-100Gbps,100,0.35,0,6.260249061066121,61.055824259559635,2
RandomForest,sparse,0.5,low,Ethernet-100Gbps,100,0.35,0,6.177999776810697,60.19398764980481,3
RandomForest,sparse,0.5,low,Ethernet-100Gbps,100,0.35,0,6.528187003476496,70.38329654056352,4
RandomForest,sparse,0.5,low,Ethernet-50Gbps,50,0.5,0,12.409832516048178,23.14097827961518,0
RandomForest,sparse,0.5,low,Ethernet-50Gbps,50,0.5,0,12.648856954528267,23.6999521311862,1
RandomForest,sparse,0.5,low,Ethernet-50Gbps,50,0.5,0,13.61483732533862,22.10070956060294,2
RandomForest,sparse,0.5,low,Ethernet-50Gbps,50,0.5,0,13.041697393371368,22.992085255837004,3
RandomForest,sparse,0.5,low,Ethernet-50Gbps,50,0.5,0,13.81356165095631,25.1386886740725,4
Stencil-3D,memory,3.5,high,200Gbps-uncongested,200,0.0,1,16.473124649247953,202.8291339542304,0
Stencil-3D,memory,3.5,high,200Gbps-uncongested,200,0.0,1,16.622709888658342,195.65351823478315,1
Stencil-3D,memory,3.5,high,200Gbps-uncongested,200,0.0,1,18.519795487315644,221.44737682864556,2
Stencil-3D,memory,3.5,high,200Gbps-uncongested,200,0.0,1,15.979361736023781,213.2757186860668,3
Stencil-3D,memory,3.5,high,200Gbps-uncongested,200,0.0,1,17.783175766777482,181.6277873799581,4
Stencil-3D,memory,3.5,high,200Gbps-light,200,0.2,1,30.24212084480992,179.68552855568066,0
Stencil-3D,memory,3.5,high,200Gbps-light,200,0.2,1,27.422084571007264,148.25596389101742,1
Stencil-3D,memory,3.5,high,200Gbps-light,200,0.2,1,30.531026788993863,163.47513997856828,2
Stencil-3D,memory,3.5,high,200Gbps-light,200,0.2,1,29.853829061932416,164.35954196992637,3
Stencil-3D,memory,3.5,high,200Gbps-light,200,0.2,1,29.62027361560607,143.02115675761814,4
Stencil-3D,memory,3.5,high,200Gbps-moderate,200,0.4,1,43.16344451553228,131.22806392730664,0
Stencil-3D,memory,3.5,high,200Gbps-moderate,200,0.4,1,40.545194763141744,119.58262128178691,1
Stencil-3D,memory,3.5,high,200Gbps-moderate,200,0.4,1,37.8756584420244,124.93684565777122,2
Stencil-3D,memory,3.5,high,200Gbps-moderate,200,0.4,1,42.18878967539034,119.40296623680662,3
Stencil-3D,memory,3.5,high,200Gbps-moderate,200,0.4,1,43.32142778879694,116.79285858259257,4
Stencil-3D,memory,3.5,high,200Gbps-heavy,200,0.6,1,54.47411481834609,73.47414823237047,0
Stencil-3D,memory,3.5,high,200Gbps-heavy,200,0.6,1,52.91612772534534,78.88413274942185,1
Stencil-3D,memory,3.5,high,200Gbps-heavy,200,0.6,1,53.57533958841411,77.6350276554665,2
Stencil-3D,memory,3.5,high,200Gbps-heavy,200,0.6,1,52.63025447679746,85.28670189722564,3
Stencil-3D,memory,3.5,high,200Gbps-heavy,200,0.6,1,51.821559576651694,69.71790655527245,4
Stencil-3D,memory,3.5,high,100Gbps-moderate,100,0.4,1,89.20727773209256,66.63097957771433,0
Stencil-3D,memory,3.5,high,100Gbps-moderate,100,0.4,1,76.73095378960588,63.310597465176926,1
Stencil-3D,memory,3.5,high,100Gbps-moderate,100,0.4,1,79.96826754266053,61.26473863358909,2
Stencil-3D,memory,3.5,high,100Gbps-moderate,100,0.4,1,83.23802865415692,58.87484255848165,3
Stencil-3D,memory,3.5,high,100Gbps-moderate,100,0.4,1,78.81658613724332,56.68540294888195,4
Stencil-3D,memory,3.5,high,InfiniBand-200Gbps,200,0.15,1,24.868121496855192,158.68721796806597,0
Stencil-3D,memory,3.5,high,InfiniBand-200Gbps,200,0.15,1,25.974471649624405,160.26566414809378,1
Stencil-3D,memory,3.5,high,InfiniBand-200Gbps,200,0.15,1,26.95079416522,190.22654771256862,2
Stencil-3D,memory,3.5,high,InfiniBand-200Gbps,200,0.15,1,25.30614400004575,173.25590120728114,3
Stencil-3D,memory,3.5,high,InfiniBand-200Gbps,200,0.15,1,26.713151678769997,176.41923088450213,4
Stencil-3D,memory,3.5,high,Ethernet-100Gbps,100,0.35,1,76.33862385200025,68.86194857547055,0
Stencil-3D,memory,3.5,high,Ethernet-100Gbps,100,0.35,1,77.88355162060576,58.564155403898056,1
Stencil-3D,memory,3.5,high,Ethernet-100Gbps,100,0.35,1,79.35476213448801,69.61391235378706,2
Stencil-3D,memory,3.5,high,Ethernet-100Gbps,100,0.35,1,73.14741673032678,65.19727674432752,3
Stencil-3D,memory,3.5,high,Ethernet-100Gbps,100,0.35,1,78.64815650952937,63.91156813818732,4
Stencil-3D,memory,3.5,high,Ethernet-50Gbps,50,0.5,1,198.07364620092565,29.72774498923872,0
Stencil-3D,memory,3.5,high,Ethernet-50Gbps,50,0.5,1,180.60047308192216,22.23791079369245,1
Stencil-3D,memory,3.5,high,Ethernet-50Gbps,50,0.5,1,190.84399802997746,26.443125010252288,2
Stencil-3D,memory,3.5,high,Ethernet-50Gbps,50,0.5,1,185.8182726091251,27.90652132664207,3
Stencil-3D,memory,3.5,high,Ethernet-50Gbps,50,0.5,1,175.40617107193722,26.385837246063222,4
Matrix-multiply,memory,2.2,medium,200Gbps-uncongested,200,0.0,1,10.416773973225203,227.51004649931676,0
Matrix-multiply,memory,2.2,medium,200Gbps-uncongested,200,0.0,1,11.812386176018034,187.73349459546645,1
Matrix-multiply,memory,2.2,medium,200Gbps-uncongested,200,0.0,1,10.447015210205352,213.75340619167682,2
Matrix-multiply,memory,2.2,medium,200Gbps-uncongested,200,0.0,1,10.53425599864821,199.27342051308418,3
Matrix-multiply,memory,2.2,medium,200Gbps-uncongested,200,0.0,1,10.755823858689771,169.28522950083752,4
Matrix-multiply,memory,2.2,medium,200Gbps-light,200,0.2,1,15.02865716358148,151.1714844919786,0
Matrix-multiply,memory,2.2,medium,200Gbps-light,200,0.2,1,14.66825725268767,178.47848964440084,1
Matrix-multiply,memory,2.2,medium,200Gbps-light,200,0.2,1,14.094228214262667,170.40902639037412,2
Matrix-multiply,memory,2.2,medium,200Gbps-light,200,0.2,1,14.829295452777838,156.4190698432533,3
Matrix-multiply,memory,2.2,medium,200Gbps-light,200,0.2,1,15.633385117148258,164.3526565704818,4
Matrix-multiply,memory,2.2,medium,200Gbps-moderate,200,0.4,1,19.887604362546227,129.29457274111547,0
Matrix-multiply,memory,2.2,medium,200Gbps-moderate,200,0.4,1,19.01562959047706,114.1225273487256,1
Matrix-multiply,memory,2.2,medium,200Gbps-moderate,200,0.4,1,18.286817362019317,112.07605891220203,2
Matrix-multiply,memory,2.2,medium,200Gbps-moderate,200,0.4,1,22.187112774468396,131.94892397507317,3
Matrix-multiply,memory,2.2,medium,200Gbps-moderate,200,0.4,1,18.02972302485748,107.30440361526173,4
Matrix-multiply,memory,2.2,medium,200Gbps-heavy,200,0.6,1,24.20220501433533,83.50249470321899,0
Matrix-multiply,memory,2.2,medium,200Gbps-heavy,200,0.6,1,24.281395938216814,78.36828292125634,1
Matrix-multiply,memory,2.2,medium,200Gbps-heavy,200,0.6,1,23.484570649801263,82.09842895461989,2
Matrix-multiply,memory,2.2,medium,200Gbps-heavy,200,0.6,1,23.734307165639585,65.79647761441578,3
Matrix-multiply,memory,2.2,medium,200Gbps-heavy,200,0.6,1,23.36127192090236,74.550998820734,4
Matrix-multiply,memory,2.2,medium,100Gbps-moderate,100,0.4,1,39.010662704530134,74.32924321249637,0
Matrix-multiply,memory,2.2,medium,100Gbps-moderate,100,0.4,1,39.382435251600704,58.49505750637249,1
Matrix-multiply,memory,2.2,medium,100Gbps-moderate,100,0.4,1,40.45426462296383,62.31690185860422,2
Matrix-multiply,memory,2.2,medium,100Gbps-moderate,100,0.4,1,39.48416708114712,62.91288284743522,3
Matrix-multiply,memory,2.2,medium,100Gbps-moderate,100,0.4,1,42.64839478355712,54.5717355104356,4
Matrix-multiply,memory,2.2,medium,InfiniBand-200Gbps,200,0.15,1,14.295553647382999,157.40121663225108,0
Matrix-multiply,memory,2.2,medium,InfiniBand-200Gbps,200,0.15,1,14.352726115365924,157.5058634437891,1
Matrix-multiply,memory,2.2,medium,InfiniBand-200Gbps,200,0.15,1,13.67342063307848,165.98677716636448,2
Matrix-multiply,memory,2.2,medium,InfiniBand-200Gbps,200,0.15,1,14.646200150714325,182.4909804376168,3
Matrix-multiply,memory,2.2,medium,InfiniBand-200Gbps,200,0.15,1,13.095031324063315,170.74710390959794,4
Matrix-multiply,memory,2.2,medium,Ethernet-100Gbps,100,0.35,1,35.227622726190475,58.455774464488265,0
Matrix-multiply,memory,2.2,medium,Ethernet-100Gbps,100,0.35,1,36.127127066119556,63.39588950002973,1
Matrix-multiply,memory,2.2,medium,Ethernet-100Gbps,100,0.35,1,40.955038895963014,67.25139109187562,2
Matrix-multiply,memory,2.2,medium,Ethernet-100Gbps,100,0.35,1,34.007671165614816,62.0631751783111,3
Matrix-multiply,memory,2.2,medium,Ethernet-100Gbps,100,0.35,1,38.38865894770798,75.85990241892361,4
Matrix-multiply,memory,2.2,medium,Ethernet-50Gbps,50,0.5,1,79.12272795522753,21.24015122972191,0
Matrix-multiply,memory,2.2,medium,Ethernet-50Gbps,50,0.5,1,93.97680348792564,25.779228354741807,1
Matrix-multiply,memory,2.2,medium,Ethernet-50Gbps,50,0.5,1,82.20655466771875,26.06925817224487,2
Matrix-multiply,memory,2.2,medium,Ethernet-50Gbps,50,0.5,1,74.61202143391185,25.00675101319432,3
Matrix-multiply,memory,2.2,medium,Ethernet-50Gbps,50,0.5,1,87.34610660206013,26.84854027907566,4
FFT,memory,4.1,high,200Gbps-uncongested,200,0.0,1,19.00464516494155,201.37099458245373,0
FFT,memory,4.1,high,200Gbps-uncongested,200,0.0,1,19.093202888954025,204.0861400907891,1
FFT,memory,4.1,high,200Gbps-uncongested,200,0.0,1,19.123310565994043,193.47038657343646,2
FFT,memory,4.1,high,200Gbps-uncongested,200,0.0,1,19.022743379238296,210.41817986917852,3
FFT,memory,4.1,high,200Gbps-uncongested,200,0.0,1,20.878820697825276,196.24607088068137,4
FFT,memory,4.1,high,200Gbps-light,200,0.2,1,34.098271197478375,141.45802989269063,0
FFT,memory,4.1,high,200Gbps-light,200,0.2,1,33.5232553133283,159.35738090186567,1
FFT,memory,4.1,high,200Gbps-light,200,0.2,1,38.492902305780994,145.7668220700907,2
FFT,memory,4.1,high,200Gbps-light,200,0.2,1,36.52473519387318,172.75979230036234,3
FFT,memory,4.1,high,200Gbps-light,200,0.2,1,34.51075091291413,182.5103421976977,4
FFT,memory,4.1,high,200Gbps-moderate,200,0.4,1,48.940800256457905,123.73592827841212,0
FFT,memory,4.1,high,200Gbps-moderate,200,0.4,1,47.91926093122739,131.74626127121883,1
FFT,memory,4.1,high,200Gbps-moderate,200,0.4,1,50.68097101091287,113.99349804003636,2
FFT,memory,4.1,high,200Gbps-moderate,200,0.4,1,44.877589747350626,118.05138588100169,3
FFT,memory,4.1,high,200Gbps-moderate,200,0.4,1,46.124907355060344,119.3901640836926,4
FFT,memory,4.1,high,200Gbps-heavy,200,0.6,1,65.90035124312388,77.07326940744454,0
FFT,memory,4.1,high,200Gbps-heavy,200,0.6,1,61.92766475183835,80.37134550277372,1
FFT,memory,4.1,high,200Gbps-heavy,200,0.6,1,64.69325110176493,65.61990826249853,2
FFT,memory,4.1,high,200Gbps-heavy,200,0.6,1,60.1779392708821,81.35221563058863,3
FFT,memory,4.1,high,200Gbps-heavy,200,0.6,1,65.7844246914515,76.85182433596029,4
FFT,memory,4.1,high,100Gbps-moderate,100,0.4,1,87.07750067018945,62.97461494063746,0
FFT,memory,4.1,high,100Gbps-moderate,100,0.4,1,93.04103227243938,54.28960003636627,1
FFT,memory,4.1,high,100Gbps-moderate,100,0.4,1,93.09396551036227,59.11427828325192,2
FFT,memory,4.1,high,100Gbps-moderate,100,0.4,1,93.18814086960157,49.41328292592447,3
FFT,memory,4.1,high,100Gbps-moderate,100,0.4,1,100.40387274285617,66.11940019813787,4
FFT,memory,4.1,high,InfiniBand-200Gbps,200,0.15,1,31.52432647725836,154.5274748822225,0
FFT,memory,4.1,high,InfiniBand-200Gbps,200,0.15,1,30.22221049413895,169.9113101128794,1
FFT,memory,4.1,high,InfiniBand-200Gbps,200,0.15,1,31.443838359554643,179.0894306465659,2
FFT,memory,4.1,high,InfiniBand-200Gbps,200,0.15,1,29.409076739047226,171.11513956722442,3
FFT,memory,4.1,high,InfiniBand-200Gbps,200,0.15,1,31.227818781703313,189.79918358119602,4
FFT,memory,4.1,high,Ethernet-100Gbps,100,0.35,1,92.2250297409917,69.1030947743527,0
FFT,memory,4.1,high,Ethernet-100Gbps,100,0.35,1,89.4603068424246,72.33438755505823,1
FFT,memory,4.1,high,Ethernet-100Gbps,100,0.35,1,90.91213921198265,60.522342867097436,2
FFT,memory,4.1,high,Ethernet-100Gbps,100,0.35,1,95.3380090588218,68.62909701720294,3
FFT,memory,4.1,high,Ethernet-100Gbps,100,0.35,1,87.11344283069111,62.506636569523934,4
FFT,memory,4.1,high,Ethernet-50Gbps,50,0.5,1,223.4803606166622,25.92636959053517,0
FFT,memory,4.1,high,Ethernet-50Gbps,50,0.5,1,222.38717802245299,25.622617346885768,1
FFT,memory,4.1,high,Ethernet-50Gbps,50,0.5,1,238.9326361311999,27.143086304469772,2
FFT,memory,4.1,high,Ethernet-50Gbps,50,0.5,1,222.31388309718082,26.882621161534964,3
FFT,memory,4.1,high,Ethernet-50Gbps,50,0.5,1,208.84598924582713,25.795854099893617,4
All-reduce,memory,5.5,high,200Gbps-uncongested,200,0.0,1,29.284957256721704,196.51126567372202,0
All-reduce,memory,5.5,high,200Gbps-uncongested,200,0.0,1,25.717288425926522,189.56657778251102,1
All-reduce,memory,5.5,high,200Gbps-uncongested,200,0.0,1,25.392338450834195,187.44380946995673,2
All-reduce,memory,5.5,high,200Gbps-uncongested,200,0.0,1,26.357960316834678,177.51092769314172,3
All-reduce,memory,5.5,high,200Gbps-uncongested,200,0.0,1,26.876440633965533,214.43643478058635,4
All-reduce,memory,5.5,high,200Gbps-light,200,0.2,1,43.58214836807283,179.44683422261463,0
All-reduce,memory,5.5,high,200Gbps-light,200,0.2,1,46.820289557552016,173.19143149598796,1
All-reduce,memory,5.5,high,200Gbps-light,200,0.2,1,44.15264817419008,170.93792290645268,2
All-reduce,memory,5.5,high,200Gbps-light,200,0.2,1,43.16172315217379,171.3951680107073,3
All-reduce,memory,5.5,high,200Gbps-light,200,0.2,1,46.0465570866869,167.08161561580525,4
All-reduce,memory,5.5,high,200Gbps-moderate,200,0.4,1,60.6645876967168,111.40732951414459,0
All-reduce,memory,5.5,high,200Gbps-moderate,200,0.4,1,66.37778625023064,110.89585915944768,1
All-reduce,memory,5.5,high,200Gbps-moderate,200,0.4,1,65.94587965227258,106.87547705798164,2
All-reduce,memory,5.5,high,200Gbps-moderate,200,0.4,1,67.18649892753909,108.16777617822231,3
All-reduce,memory,5.5,high,200Gbps-moderate,200,0.4,1,66.23299784603755,126.00605696300161,4
All-reduce,memory,5.5,high,200Gbps-heavy,200,0.6,1,80.351572386664,83.72497002934224,0
All-reduce,memory,5.5,high,200Gbps-heavy,200,0.6,1,84.33606947994072,76.55141212036648,1
All-reduce,memory,5.5,high,200Gbps-heavy,200,0.6,1,79.05374576086442,67.43919557329549,2
All-reduce,memory,5.5,high,200Gbps-heavy,200,0.6,1,84.70740559239741,69.98526226328285,3
All-reduce,memory,5.5,high,200Gbps-heavy,200,0.6,1,83.64883266613143,78.3139314170736,4
All-reduce,memory,5.5,high,100Gbps-moderate,100,0.4,1,133.28353741981653,58.55018160244865,0
All-reduce,memory,5.5,high,100Gbps-moderate,100,0.4,1,126.78285606455978,63.512979380583815,1
All-reduce,memory,5.5,high,100Gbps-moderate,100,0.4,1,131.06580370308126,61.51754859447734,2
All-reduce,memory,5.5,high,100Gbps-moderate,100,0.4,1,131.9308262624378,52.62925380860589,3
All-reduce,memory,5.5,high,100Gbps-moderate,100,0.4,1,133.78398953897863,62.93985021126529,4
All-reduce,memory,5.5,high,InfiniBand-200Gbps,200,0.15,1,38.87269781715445,166.68050555803086,0
All-reduce,memory,5.5,high,InfiniBand-200Gbps,200,0.15,1,40.874099151617,168.17084373213643,1
All-reduce,memory,5.5,high,InfiniBand-200Gbps,200,0.15,1,41.63824474355312,189.4665882329041,2
All-reduce,memory,5.5,high,InfiniBand-200Gbps,200,0.15,1,43.169755475672815,152.1538189693329,3
All-reduce,memory,5.5,high,InfiniBand-200Gbps,200,0.15,1,42.228420909104486,188.0734931456816,4
All-reduce,memory,5.5,high,Ethernet-100Gbps,100,0.35,1,121.81814905856156,70.67309821096703,0
All-reduce,memory,5.5,high,Ethernet-100Gbps,100,0.35,1,131.53083963831205,70.32328963975631,1
All-reduce,memory,5.5,high,Ethernet-100Gbps,100,0.35,1,120.99654000935823,70.43446006524073,2
All-reduce,memory,5.5,high,Ethernet-100Gbps,100,0.35,1,120.3725902624625,65.12429582508177,3
All-reduce,memory,5.5,high,Ethernet-100Gbps,100,0.35,1,117.40701576682284,73.12974946592696,4
All-reduce,memory,5.5,high,Ethernet-50Gbps,50,0.5,1,283.3215492457297,28.06473544935623,0
All-reduce,memory,5.5,high,Ethernet-50Gbps,50,0.5,1,302.79340319489563,22.201387650396118,1
All-reduce,memory,5.5,high,Ethernet-50Gbps,50,0.5,1,300.8405230043899,20.799946984696753,2
All-reduce,memory,5.5,high,Ethernet-50Gbps,50,0.5,1,304.6492272993842,26.77046296597798,3
All-reduce,memory,5.5,high,Ethernet-50Gbps,50,0.5,1,286.66075797926044,25.247095391911166,4
Gather-scatter,memory,3.8,high,200Gbps-uncongested,200,0.0,1,20.36762652545193,191.90805273180902,0
Gather-scatter,memory,3.8,high,200Gbps-uncongested,200,0.0,1,17.572302531539286,223.7066144394016,1
Gather-scatter,memory,3.8,high,200Gbps-uncongested,200,0.0,1,20.375447100590094,200.05913074956555,2
Gather-scatter,memory,3.8,high,200Gbps-uncongested,200,0.0,1,19.493056526990173,221.46361464849412,3
Gather-scatter,memory,3.8,high,200Gbps-uncongested,200,0.0,1,17.865859354578646,192.23510663411412,4
Gather-scatter,memory,3.8,high,200Gbps-light,200,0.2,1,33.48424056518056,181.56818276746893,0
Gather-scatter,memory,3.8,high,200Gbps-light,200,0.2,1,32.43071541912264,148.73837627517372,1
Gather-scatter,memory,3.8,high,200Gbps-light,200,0.2,1,34.67685907753379,153.20357250800686,2
Gather-scatter,memory,3.8,high,200Gbps-light,200,0.2,1,31.01440672207823,164.38192428146718,3
Gather-scatter,memory,3.8,high,200Gbps-light,200,0.2,1,33.99411042915466,170.93089249986846,4
Gather-scatter,memory,3.8,high,200Gbps-moderate,200,0.4,1,45.45497396564958,124.44756988913382,0
Gather-scatter,memory,3.8,high,200Gbps-moderate,200,0.4,1,44.62813812940147,125.35813933937767,1
Gather-scatter,memory,3.8,high,200Gbps-moderate,200,0.4,1,38.89902638950878,117.15256839292994,2
Gather-scatter,memory,3.8,high,200Gbps-moderate,200,0.4,1,45.06856837071315,108.95026479725273,3
Gather-scatter,memory,3.8,high,200Gbps-moderate,200,0.4,1,45.39142301231481,118.03707627853323,4
Gather-scatter,memory,3.8,high,200Gbps-heavy,200,0.6,1,62.568238214393666,90.0673262413751,0
Gather-scatter,memory,3.8,high,200Gbps-heavy,200,0.6,1,56.17988535053419,79.03463864597315,1
Gather-scatter,memory,3.8,high,200Gbps-heavy,200,0.6,1,57.306859784456336,77.10937935257842,2
Gather-scatter,memory,3.8,high,200Gbps-heavy,200,0.6,1,58.08041853316682,75.14699475911942,3
Gather-scatter,memory,3.8,high,200Gbps-heavy,200,0.6,1,54.26790804551659,83.98535183296173,4
Gather-scatter,memory,3.8,high,100Gbps-moderate,100,0.4,1,91.86587392973777,56.13928435363204,0
Gather-scatter,memory,3.8,high,100Gbps-moderate,100,0.4,1,93.04962965261473,56.96842690000641,1
Gather-scatter,memory,3.8,high,100Gbps-moderate,100,0.4,1,90.18987645063791,63.93765126053979,2
Gather-scatter,memory,3.8,high,100Gbps-moderate,100,0.4,1,88.9128190478038,62.18275637827745,3
Gather-scatter,memory,3.8,high,100Gbps-moderate,100,0.4,1,86.76277424206317,59.05696039954513,4
Gather-scatter,memory,3.8,high,InfiniBand-200Gbps,200,0.15,1,28.00464956007042,159.84653448705276,0
Gather-scatter,memory,3.8,high,InfiniBand-200Gbps,200,0.15,1,28.04579924920509,148.93879113545304,1
Gather-scatter,memory,3.8,high,InfiniBand-200Gbps,200,0.15,1,27.60101661018347,166.12569329017248,2
Gather-scatter,memory,3.8,high,InfiniBand-200Gbps,200,0.15,1,27.93345662458234,166.7156347361574,3
Gather-scatter,memory,3.8,high,InfiniBand-200Gbps,200,0.15,1,28.20851476118422,176.52040464597044,4
Gather-scatter,memory,3.8,high,Ethernet-100Gbps,100,0.35,1,86.17873137782736,61.62122082038901,0
Gather-scatter,memory,3.8,high,Ethernet-100Gbps,100,0.35,1,77.60104334359607,59.581369056335866,1
Gather-scatter,memory,3.8,high,Ethernet-100Gbps,100,0.35,1,80.55698208071136,63.17000914735416,2
Gather-scatter,memory,3.8,high,Ethernet-100Gbps,100,0.35,1,79.38949377944358,58.260193345900554,3
Gather-scatter,memory,3.8,high,Ethernet-100Gbps,100,0.35,1,80.68530195493443,65.94341842459265,4
Gather-scatter,memory,3.8,high,Ethernet-50Gbps,50,0.5,1,210.17388468552898,23.885153893783357,0
Gather-scatter,memory,3.8,high,Ethernet-50Gbps,50,0.5,1,199.8868874595714,23.14660338230538,1
Gather-scatter,memory,3.8,high,Ethernet-50Gbps,50,0.5,1,203.78072331014022,23.30314273161837,2
Gather-scatter,memory,3.8,high,Ethernet-50Gbps,50,0.5,1,209.95037660973688,21.428267016131777,3
Gather-scatter,memory,3.8,high,Ethernet-50Gbps,50,0.5,1,200.43151359655448,25.602214678383483,4
Broadcast,memory,2.9,medium,200Gbps-uncongested,200,0.0,1,14.290312523763491,243.08853862368792,0
Broadcast,memory,2.9,medium,200Gbps-uncongested,200,0.0,1,14.40781740020677,183.93512645052786,1
Broadcast,memory,2.9,medium,200Gbps-uncongested,200,0.0,1,14.092566817246507,171.58005866453675,2
Broadcast,memory,2.9,medium,200Gbps-uncongested,200,0.0,1,14.103090997812352,186.67110308798786,3
Broadcast,memory,2.9,medium,200Gbps-uncongested,200,0.0,1,14.808259716583123,191.20735560647145,4
Broadcast,memory,2.9,medium,200Gbps-light,200,0.2,1,19.708479097136546,151.86485963002363,0
Broadcast,memory,2.9,medium,200Gbps-light,200,0.2,1,21.54778722864368,155.88809259369074,1
Broadcast,memory,2.9,medium,200Gbps-light,200,0.2,1,21.64066933508925,170.42114255511382,2
Broadcast,memory,2.9,medium,200Gbps-light,200,0.2,1,20.302048562739664,164.71978428566428,3
Broadcast,memory,2.9,medium,200Gbps-light,200,0.2,1,20.2145549391499,135.3257909843762,4
Broadcast,memory,2.9,medium,200Gbps-moderate,200,0.4,1,25.132868330696546,128.11351652336947,0
Broadcast,memory,2.9,medium,200Gbps-moderate,200,0.4,1,25.425965991763956,106.51017747068568,1
Broadcast,memory,2.9,medium,200Gbps-moderate,200,0.4,1,25.421496281246487,136.35941295605272,2
Broadcast,memory,2.9,medium,200Gbps-moderate,200,0.4,1,27.077337586692195,119.40476151008609,3
Broadcast,memory,2.9,medium,200Gbps-moderate,200,0.4,1,26.70082158843828,116.4815326044667,4
Broadcast,memory,2.9,medium,200Gbps-heavy,200,0.6,1,28.498364081065805,74.08341767597085,0
Broadcast,memory,2.9,medium,200Gbps-heavy,200,0.6,1,33.586726157979086,78.24644427629245,1
Broadcast,memory,2.9,medium,200Gbps-heavy,200,0.6,1,30.77324468056333,78.08103554384077,2
Broadcast,memory,2.9,medium,200Gbps-heavy,200,0.6,1,34.118259629266554,90.4061370583172,3
Broadcast,memory,2.9,medium,200Gbps-heavy,200,0.6,1,34.60835397690408,78.98211065343968,4
Broadcast,memory,2.9,medium,100Gbps-moderate,100,0.4,1,51.73005851135735,52.7201157627802,0
Broadcast,memory,2.9,medium,100Gbps-moderate,100,0.4,1,54.741014504070996,54.394658153913916,1
Broadcast,memory,2.9,medium,100Gbps-moderate,100,0.4,1,51.529086153730915,54.73294786736235,2
Broadcast,memory,2.9,medium,100Gbps-moderate,100,0.4,1,49.47564217012891,55.98114033096144,3
Broadcast,memory,2.9,medium,100Gbps-moderate,100,0.4,1,49.427192939097765,57.412211024884904,4
Broadcast,memory,2.9,medium,InfiniBand-200Gbps,200,0.15,1,17.90357095779601,181.33334120021217,0
Broadcast,memory,2.9,medium,InfiniBand-200Gbps,200,0.15,1,17.391276189002514,172.9993634073886,1
Broadcast,memory,2.9,medium,InfiniBand-200Gbps,200,0.15,1,19.529225098679678,163.0205294426178,2
Broadcast,memory,2.9,medium,InfiniBand-200Gbps,200,0.15,1,17.747423286592173,166.8648650975486,3
Broadcast,memory,2.9,medium,InfiniBand-200Gbps,200,0.15,1,19.494034188359347,172.63986378096567,4
Broadcast,memory,2.9,medium,Ethernet-100Gbps,100,0.35,1,46.86577808964089,67.51615858617781,0
Broadcast,memory,2.9,medium,Ethernet-100Gbps,100,0.35,1,45.49106430727853,68.54306945430332,1
Broadcast,memory,2.9,medium,Ethernet-100Gbps,100,0.35,1,49.128141614731305,63.3993959500778,2
Broadcast,memory,2.9,medium,Ethernet-100Gbps,100,0.35,1,46.125865241042554,60.38925920412602,3
Broadcast,memory,2.9,medium,Ethernet-100Gbps,100,0.35,1,49.43195774813737,71.39069861294313,4
Broadcast,memory,2.9,medium,Ethernet-50Gbps,50,0.5,1,109.67149908909472,25.916773407102966,0
Broadcast,memory,2.9,medium,Ethernet-50Gbps,50,0.5,1,101.46019852744922,23.8307645386856,1
Broadcast,memory,2.9,medium,Ethernet-50Gbps,50,0.5,1,113.10533026303591,23.180633166036333,2
Broadcast,memory,2.9,medium,Ethernet-50Gbps,50,0.5,1,107.9768193615433,23.664440887062227,3
Broadcast,memory,2.9,medium,Ethernet-50Gbps,50,0.5,1,114.9362478752861,24.62534196318725,4
HDF5-checkpoint,io,15.2,low,200Gbps-uncongested,200,0.0,2,65.91281378258311,166.06879755783893,0
HDF5-checkpoint,io,15.2,low,200Gbps-uncongested,200,0.0,2,71.96671125404565,207.32298537685682,1
HDF5-checkpoint,io,15.2,low,200Gbps-uncongested,200,0.0,2,64.02293124769932,192.00431718157392,2
HDF5-checkpoint,io,15.2,low,200Gbps-uncongested,200,0.0,2,72.26587709495489,222.21340445133518,3
HDF5-checkpoint,io,15.2,low,200Gbps-uncongested,200,0.0,2,72.7899581205968,206.12782375585485,4
HDF5-checkpoint,io,15.2,low,200Gbps-light,200,0.2,2,86.70181784522026,132.72874905846783,0
HDF5-checkpoint,io,15.2,low,200Gbps-light,200,0.2,2,89.40064200284445,162.7570752698405,1
HDF5-checkpoint,io,15.2,low,200Gbps-light,200,0.2,2,88.28168765984924,210.255842642385,2
HDF5-checkpoint,io,15.2,low,200Gbps-light,200,0.2,2,77.12229508075218,182.0761171169422,3
HDF5-checkpoint,io,15.2,low,200Gbps-light,200,0.2,2,84.8563782563313,163.6778099763585,4
HDF5-checkpoint,io,15.2,low,200Gbps-moderate,200,0.4,2,97.7458111109072,115.92733119937878,0
HDF5-checkpoint,io,15.2,low,200Gbps-moderate,200,0.4,2,95.17745901558045,123.16328386150089,1
HDF5-checkpoint,io,15.2,low,200Gbps-moderate,200,0.4,2,90.53696947020983,127.20556000820893,2
HDF5-checkpoint,io,15.2,low,200Gbps-moderate,200,0.4,2,95.93004771981988,109.15133434521258,3
HDF5-checkpoint,io,15.2,low,200Gbps-moderate,200,0.4,2,95.76439014091113,132.0686324818807,4
HDF5-checkpoint,io,15.2,low,200Gbps-heavy,200,0.6,2,106.90358932677808,82.29410315654157,0
HDF5-checkpoint,io,15.2,low,200Gbps-heavy,200,0.6,2,105.82920107946893,84.85069983951118,1
HDF5-checkpoint,io,15.2,low,200Gbps-heavy,200,0.6,2,113.60868703413684,91.83109653309702,2
HDF5-checkpoint,io,15.2,low,200Gbps-heavy,200,0.6,2,108.87951989307852,84.2793907504506,3
HDF5-checkpoint,io,15.2,low,200Gbps-heavy,200,0.6,2,110.38235531481156,88.29357940392329,4
HDF5-checkpoint,io,15.2,low,100Gbps-moderate,100,0.4,2,188.89518895264573,63.576025501810946,0
HDF5-checkpoint,io,15.2,low,100Gbps-moderate,100,0.4,2,194.03007492710688,59.691896749879206,1
HDF5-checkpoint,io,15.2,low,100Gbps-moderate,100,0.4,2,196.83638762108012,61.210753902848055,2
HDF5-checkpoint,io,15.2,low,100Gbps-moderate,100,0.4,2,194.79881859316455,61.030623279218524,3
HDF5-checkpoint,io,15.2,low,100Gbps-moderate,100,0.4,2,211.39812534517952,64.73015849095306,4
HDF5-checkpoint,io,15.2,low,InfiniBand-200Gbps,200,0.15,2,86.73742377506524,163.80466244607535,0
HDF5-checkpoint,io,15.2,low,InfiniBand-200Gbps,200,0.15,2,79.42909280767604,182.99208759203344,1
HDF5-checkpoint,io,15.2,low,InfiniBand-200Gbps,200,0.15,2,86.76606948145198,190.02832119021335,2
HDF5-checkpoint,io,15.2,low,InfiniBand-200Gbps,200,0.15,2,80.61470552331541,166.8781382870993,3
HDF5-checkpoint,io,15.2,low,InfiniBand-200Gbps,200,0.15,2,76.31089394950368,164.66239295757214,4
HDF5-checkpoint,io,15.2,low,Ethernet-100Gbps,100,0.35,2,199.46741985050474,62.574224028013376,0
HDF5-checkpoint,io,15.2,low,Ethernet-100Gbps,100,0.35,2,196.08455805440784,64.00938384881138,1
HDF5-checkpoint,io,15.2,low,Ethernet-100Gbps,100,0.35,2,193.07854176810486,59.03200477295853,2
HDF5-checkpoint,io,15.2,low,Ethernet-100Gbps,100,0.35,2,190.80948977152207,49.446092951316245,3
HDF5-checkpoint,io,15.2,low,Ethernet-100Gbps,100,0.35,2,188.22448649746116,56.52153913268127,4
HDF5-checkpoint,io,15.2,low,Ethernet-50Gbps,50,0.5,2,440.68707354698853,26.554814705529022,0
HDF5-checkpoint,io,15.2,low,Ethernet-50Gbps,50,0.5,2,425.32300634398257,28.04201245431876,1
HDF5-checkpoint,io,15.2,low,Ethernet-50Gbps,50,0.5,2,395.9053285516089,28.494726395831115,2
HDF5-checkpoint,io,15.2,low,Ethernet-50Gbps,50,0.5,2,434.9971059447861,24.526889425562107,3
HDF5-checkpoint,io,15.2,low,Ethernet-50Gbps,50,0.5,2,439.22460618364556,22.787412975176732,4
NetCDF-write,io,14.5,low,200Gbps-uncongested,200,0.0,2,67.8819689106076,190.2625644281648,0
NetCDF-write,io,14.5,low,200Gbps-uncongested,200,0.0,2,68.92817950026166,183.09507771583594,1
NetCDF-write,io,14.5,low,200Gbps-uncongested,200,0.0,2,75.13054308419976,195.8583295940827,2
NetCDF-write,io,14.5,low,200Gbps-uncongested,200,0.0,2,72.04866260770869,190.87437813738111,3
NetCDF-write,io,14.5,low,200Gbps-uncongested,200,0.0,2,64.35577444874183,204.32091773426276,4
NetCDF-write,io,14.5,low,200Gbps-light,200,0.2,2,74.27633576988268,159.12148421010602,0
NetCDF-write,io,14.5,low,200Gbps-light,200,0.2,2,76.50999537276176,185.43713279015435,1
NetCDF-write,io,14.5,low,200Gbps-light,200,0.2,2,85.87136742846164,161.35364852827496,2
NetCDF-write,io,14.5,low,200Gbps-light,200,0.2,2,87.31824861282999,149.16715548843857,3
NetCDF-write,io,14.5,low,200Gbps-light,200,0.2,2,84.36067459698023,162.55757355159955,4
NetCDF-write,io,14.5,low,200Gbps-moderate,200,0.4,2,94.69075789959142,132.21459360102497,0
NetCDF-write,io,14.5,low,200Gbps-moderate,200,0.4,2,96.8798581169935,122.77174716312024,1
NetCDF-write,io,14.5,low,200Gbps-moderate,200,0.4,2,85.72398790785898,110.78355556531714,2
NetCDF-write,io,14.5,low,200Gbps-moderate,200,0.4,2,92.88363061791452,120.89637479305586,3
NetCDF-write,io,14.5,low,200Gbps-moderate,200,0.4,2,88.17575700921414,143.15209608555284,4
NetCDF-write,io,14.5,low,200Gbps-heavy,200,0.6,2,112.72993565081583,83.8535572505119,0
NetCDF-write,io,14.5,low,200Gbps-heavy,200,0.6,2,105.16257593826884,78.64186259263262,1
NetCDF-write,io,14.5,low,200Gbps-heavy,200,0.6,2,99.79781002146552,80.49587531852072,2
NetCDF-write,io,14.5,low,200Gbps-heavy,200,0.6,2,106.13558825963463,72.0527323169176,3
NetCDF-write,io,14.5,low,200Gbps-heavy,200,0.6,2,106.53599265480358,79.0063420875216,4
NetCDF-write,io,14.5,low,100Gbps-moderate,100,0.4,2,169.08425944444664,55.87015194825839,0
NetCDF-write,io,14.5,low,100Gbps-moderate,100,0.4,2,183.04862797378405,69.06090075523291,1
NetCDF-write,io,14.5,low,100Gbps-moderate,100,0.4,2,192.11544277518365,53.589688468320524,2
NetCDF-write,io,14.5,low,100Gbps-moderate,100,0.4,2,191.4564133688738,52.572940853095844,3
NetCDF-write,io,14.5,low,100Gbps-moderate,100,0.4,2,197.03257166572197,57.73860167127418,4
NetCDF-write,io,14.5,low,InfiniBand-200Gbps,200,0.15,2,78.9256221423037,188.0308344065738,0
NetCDF-write,io,14.5,low,InfiniBand-200Gbps,200,0.15,2,74.19347256987105,150.9991926824633,1
NetCDF-write,io,14.5,low,InfiniBand-200Gbps,200,0.15,2,76.98299485843285,184.1219523738627,2
NetCDF-write,io,14.5,low,InfiniBand-200Gbps,200,0.15,2,73.27290520855863,131.48268386569626,3
NetCDF-write,io,14.5,low,InfiniBand-200Gbps,200,0.15,2,77.50810061997996,177.50367487878853,4
NetCDF-write,io,14.5,low,Ethernet-100Gbps,100,0.35,2,192.12737210700817,62.591560917155924,0
NetCDF-write,io,14.5,low,Ethernet-100Gbps,100,0.35,2,177.52144637301123,71.00028381812989,1
NetCDF-write,io,14.5,low,Ethernet-100Gbps,100,0.35,2,164.30546584651026,62.97969196904835,2
NetCDF-write,io,14.5,low,Ethernet-100Gbps,100,0.35,2,182.97571650244586,67.33593735068217,3
NetCDF-write,io,14.5,low,Ethernet-100Gbps,100,0.35,2,176.62987684295763,65.17909326087037,4
NetCDF-write,io,14.5,low,Ethernet-50Gbps,50,0.5,2,347.15522922433234,23.683503175332305,0
NetCDF-write,io,14.5,low,Ethernet-50Gbps,50,0.5,2,405.4748309227107,23.03541193149064,1
NetCDF-write,io,14.5,low,Ethernet-50Gbps,50,0.5,2,397.6536911115906,25.893745001605396,2
NetCDF-write,io,14.5,low,Ethernet-50Gbps,50,0.5,2,389.693604709558,25.340927541993143,3
NetCDF-write,io,14.5,low,Ethernet-50Gbps,50,0.5,2,377.3989540280492,24.586777440607907,4
Parquet-read,io,8.3,low,200Gbps-uncongested,200,0.0,2,41.763865773337535,202.51156737549496,0
Parquet-read,io,8.3,low,200Gbps-uncongested,200,0.0,2,39.33881603091292,203.58746246865266,1
Parquet-read,io,8.3,low,200Gbps-uncongested,200,0.0,2,41.975405581612286,167.20093954276035,2
Parquet-read,io,8.3,low,200Gbps-uncongested,200,0.0,2,42.87605340310887,194.61992418110285,3
Parquet-read,io,8.3,low,200Gbps-uncongested,200,0.0,2,41.38954258932957,219.15595077832367,4
Parquet-read,io,8.3,low,200Gbps-light,200,0.2,2,43.78748184645144,150.9191551689274,0
Parquet-read,io,8.3,low,200Gbps-light,200,0.2,2,46.33346024319061,149.96795492960732,1
Parquet-read,io,8.3,low,200Gbps-light,200,0.2,2,51.08983626761641,149.03331719901706,2
Parquet-read,io,8.3,low,200Gbps-light,200,0.2,2,45.70585830251476,162.61617960451812,3
Parquet-read,io,8.3,low,200Gbps-light,200,0.2,2,44.18596297923327,154.93528688951983,4
Parquet-read,io,8.3,low,200Gbps-moderate,200,0.4,2,54.34521922125413,116.8045401179279,0
Parquet-read,io,8.3,low,200Gbps-moderate,200,0.4,2,53.24630214206351,114.91841172049564,1
Parquet-read,io,8.3,low,200Gbps-moderate,200,0.4,2,49.44518146792371,123.08729482885668,2
Parquet-read,io,8.3,low,200Gbps-moderate,200,0.4,2,58.19019695629082,120.176655655521,3
Parquet-read,io,8.3,low,200Gbps-moderate,200,0.4,2,54.09863126673929,126.65013844912184,4
Parquet-read,io,8.3,low,200Gbps-heavy,200,0.6,2,56.173716840922935,90.89609381202948,0
Parquet-read,io,8.3,low,200Gbps-heavy,200,0.6,2,60.587257552553154,90.4438841541703,1
Parquet-read,io,8.3,low,200Gbps-heavy,200,0.6,2,57.78208561596272,91.63559630437008,2
Parquet-read,io,8.3,low,200Gbps-heavy,200,0.6,2,62.305178244317204,83.53945654945508,3
Parquet-read,io,8.3,low,200Gbps-heavy,200,0.6,2,60.68231357355324,78.40941684432353,4
Parquet-read,io,8.3,low,100Gbps-moderate,100,0.4,2,113.41456291515613,60.67372737527063,0
Parquet-read,io,8.3,low,100Gbps-moderate,100,0.4,2,96.4691329724117,54.63750498380639,1
Parquet-read,io,8.3,low,100Gbps-moderate,100,0.4,2,105.99798532176575,61.487995119194665,2
Parquet-read,io,8.3,low,100Gbps-moderate,100,0.4,2,106.68946118926404,65.85105979100959,3
Parquet-read,io,8.3,low,100Gbps-moderate,100,0.4,2,96.554554676559,60.68922209522477,4
Parquet-read,io,8.3,low,InfiniBand-200Gbps,200,0.15,2,41.264664336133066,180.3320872185847,0
Parquet-read,io,8.3,low,InfiniBand-200Gbps,200,0.15,2,45.176247995739054,175.706695619528,1
Parquet-read,io,8.3,low,InfiniBand-200Gbps,200,0.15,2,43.430015624599015,187.4007230705454,2
Parquet-read,io,8.3,low,InfiniBand-200Gbps,200,0.15,2,47.754851678977325,177.93620252096167,3
Parquet-read,io,8.3,low,InfiniBand-200Gbps,200,0.15,2,45.09668156082947,177.8860590800138,4
Parquet-read,io,8.3,low,Ethernet-100Gbps,100,0.35,2,100.08299480356563,69.4488894269077,0
Parquet-read,io,8.3,low,Ethernet-100Gbps,100,0.35,2,112.30668213930534,70.56717491189175,1
Parquet-read,io,8.3,low,Ethernet-100Gbps,100,0.35,2,99.96518718787406,66.87937004982012,2
Parquet-read,io,8.3,low,Ethernet-100Gbps,100,0.35,2,97.04182824175201,67.97642961811351,3
Parquet-read,io,8.3,low,Ethernet-100Gbps,100,0.35,2,106.08750520422441,55.276955034432746,4
Parquet-read,io,8.3,low,Ethernet-50Gbps,50,0.5,2,213.76960130247883,24.433722206512464,0
Parquet-read,io,8.3,low,Ethernet-50Gbps,50,0.5,2,223.53907200998395,22.581046129162388,1
Parquet-read,io,8.3,low,Ethernet-50Gbps,50,0.5,2,231.36712190925033,25.502947217881022,2
Parquet-read,io,8.3,low,Ethernet-50Gbps,50,0.5,2,224.74862567032184,23.488416999683274,3
Parquet-read,io,8.3,low,Ethernet-50Gbps,50,0.5,2,238.85349297750042,28.31081422617659,4
CSV-ingest,io,6.7,low,200Gbps-uncongested,200,0.0,1,31.92386183062212,190.20532932552288,0
CSV-ingest,io,6.7,low,200Gbps-uncongested,200,0.0,1,33.518332851137785,194.27152992404822,1
CSV-ingest,io,6.7,low,200Gbps-uncongested,200,0.0,1,32.486825868055746,211.83445042759473,2
CSV-ingest,io,6.7,low,200Gbps-uncongested,200,0.0,1,29.59162944670438,221.0928371976427,3
CSV-ingest,io,6.7,low,200Gbps-uncongested,200,0.0,1,32.833730349855124,193.4161096870051,4
CSV-ingest,io,6.7,low,200Gbps-light,200,0.2,1,37.77990042807396,159.51909574426264,0
CSV-ingest,io,6.7,low,200Gbps-light,200,0.2,1,34.66433190176418,179.1352093114014,1
CSV-ingest,io,6.7,low,200Gbps-light,200,0.2,1,38.027632522950995,165.67042726972642,2
CSV-ingest,io,6.7,low,200Gbps-light,200,0.2,1,39.75474726975134,146.92912054322815,3
CSV-ingest,io,6.7,low,200Gbps-light,200,0.2,1,38.8476131834233,156.57419403649544,4
CSV-ingest,io,6.7,low,200Gbps-moderate,200,0.4,1,45.01192400781608,99.57861676462565,0
CSV-ingest,io,6.7,low,200Gbps-moderate,200,0.4,1,42.96963134977202,114.21292170447397,1
CSV-ingest,io,6.7,low,200Gbps-moderate,200,0.4,1,44.11692713266809,124.51242419873473,2
CSV-ingest,io,6.7,low,200Gbps-moderate,200,0.4,1,41.65570229155127,113.16313090390997,3
CSV-ingest,io,6.7,low,200Gbps-moderate,200,0.4,1,42.94464733410131,111.392234617774,4
CSV-ingest,io,6.7,low,200Gbps-heavy,200,0.6,1,50.45632576272053,77.63707391713635,0
CSV-ingest,io,6.7,low,200Gbps-heavy,200,0.6,1,41.38044551201333,77.60113883762044,1
CSV-ingest,io,6.7,low,200Gbps-heavy,200,0.6,1,45.903759636843546,69.55983478104994,2
CSV-ingest,io,6.7,low,200Gbps-heavy,200,0.6,1,45.4222845350061,80.70021421973101,3
CSV-ingest,io,6.7,low,200Gbps-heavy,200,0.6,1,51.63447325510485,82.00438063273587,4
CSV-ingest,io,6.7,low,100Gbps-moderate,100,0.4,1,83.7480879075293,62.18834013681938,0
CSV-ingest,io,6.7,low,100Gbps-moderate,100,0.4,1,84.38467055489416,56.665918228016906,1
CSV-ingest,io,6.7,low,100Gbps-moderate,100,0.4,1,81.38223464948608,51.591221727591744,2
CSV-ingest,io,6.7,low,100Gbps-moderate,100,0.4,1,84.68335680624428,60.758656751616634,3
CSV-ingest,io,6.7,low,100Gbps-moderate,100,0.4,1,85.94993176874429,58.00335874585268,4
CSV-ingest,io,6.7,low,InfiniBand-200Gbps,200,0.15,1,34.9079886622391,178.27214820691557,0
CSV-ingest,io,6.7,low,InfiniBand-200Gbps,200,0.15,1,34.227598162285354,180.55397962827126,1
CSV-ingest,io,6.7,low,InfiniBand-200Gbps,200,0.15,1,34.8045321020444,159.7668807719987,2
CSV-ingest,io,6.7,low,InfiniBand-200Gbps,200,0.15,1,33.95342869375487,163.18093080235533,3
CSV-ingest,io,6.7,low,InfiniBand-200Gbps,200,0.15,1,38.427427902445984,177.01254200283782,4
CSV-ingest,io,6.7,low,Ethernet-100Gbps,100,0.35,1,87.8471425941174,67.71514123885646,0
CSV-ingest,io,6.7,low,Ethernet-100Gbps,100,0.35,1,79.12838259302907,63.279896033496705,1
CSV-ingest,io,6.7,low,Ethernet-100Gbps,100,0.35,1,80.48291614682063,71.918989501003,2
CSV-ingest,io,6.7,low,Ethernet-100Gbps,100,0.35,1,78.73844754308982,69.64722798482337,3
CSV-ingest,io,6.7,low,Ethernet-100Gbps,100,0.35,1,87.48924433108047,74.51402504892366,4
CSV-ingest,io,6.7,low,Ethernet-50Gbps,50,0.5,1,179.45033179798372,26.424644319160322,0
CSV-ingest,io,6.7,low,Ethernet-50Gbps,50,0.5,1,204.10341233079527,23.764716646132605,1
CSV-ingest,io,6.7,low,Ethernet-50Gbps,50,0.5,1,169.1419164825649,21.239979932184472,2
CSV-ingest,io,6.7,low,Ethernet-50Gbps,50,0.5,1,189.7316785456243,21.23369958388283,3
CSV-ingest,io,6.7,low,Ethernet-50Gbps,50,0.5,1,179.79262430023658,25.87462637407792,4
